product_1_id,product_2_id,product_1_name,product_2_name,brand_1,brand_2,category,size_value_1,size_unit_1,size_value_2,size_unit_2,price_1,price_2,currency_1,currency_2,date_collected_1,date_collected_2,date_key_1,date_key_2,retailer_1,retailer_2,similarity,hybrid_name_similarity,lexical_similarity,semantic_similarity,brand_similarity,size_similarity
PRD010bb56a,PRD12df8ff1,The Body Shop Mango Body Butter For Dry Skin 1.62 Ounces Vegan Us,"The Body Shop Travel Size Coconut Body Butter, 1.69 Oz",The Body Shop,The Body Shop,body butter,1.62,oz,1.69,oz,11.8,14.95,GBP,GBP,20251125_201814,20251125_201826,20251125,20251125,"{'url': 'https://www.ebay.co.uk/itm/326378187437?chn=ps&_ul=GB&mkevt=1&mkcid=28&google_free_listing_action=view_item', 'name': 'eBay'}",{'name': 'fruugo.co.uk'},99.2,59.17,50.0,72.92,100.0,100.0
PRD15d5a45d,PRD4d5a0911,DATSIT - Organic Body Butter | Handmade | Vegan | Cruelty Free | No Preservatives | No Artificial Ingredients | CITRUS: Orange & Lemon - (150ml),DATSIT - Organic Body Butter | Handmade | Vegan | Cruelty Free | No Preservatives | No Artificial Ingredients | FLORAL: Lavender & Rose - (150ml),DATSIT Organic,DATSIT Organic,body butter,150.0,ml,150.0,ml,15.0,15.0,GBP,GBP,20251125_201742,20251125_201725,20251125,20251125,"{'url': 'https://www.amazon.co.uk/DATSIT-Handmade-Preservatives-Artificial-Ingredients/dp/B0BMHZ17V8?source=ps-sl-shoppingads-lpcontext&ref_=fplfs&psc=1&smid=AIZLXZ50T36DU', 'name': 'Amazon.co.uk - Amazon.co.uk-Seller'}","{'url': 'https://www.amazon.co.uk/DATSIT-Handmade-Preservatives-Artificial-Ingredients/dp/B0BQX2GTG5?source=ps-sl-shoppingads-lpcontext&ref_=fplfs&psc=1&smid=AIZLXZ50T36DU', 'name': 'Amazon.co.uk - Amazon.co.uk-Seller'}",100.0,85.65,81.91,91.27,100.0,100.0
PRD15d5a45d,PRD4d5a0911,DATSIT - Organic Body Butter | Handmade | Vegan | Cruelty Free | No Preservatives | No Artificial Ingredients | CITRUS: Orange & Lemon - (150ml),DATSIT - Organic Body Butter | Handmade | Vegan | Cruelty Free | No Preservatives | No Artificial Ingredients | FLORAL: Lavender & Rose - (150ml),DATSIT Organic,DATSIT Organic,body butter,150.0,ml,150.0,ml,15.0,15.0,GBP,GBP,20251125_201742,20251125_201742,20251125,20251125,"{'url': 'https://www.amazon.co.uk/DATSIT-Handmade-Preservatives-Artificial-Ingredients/dp/B0BMHZ17V8?source=ps-sl-shoppingads-lpcontext&ref_=fplfs&psc=1&smid=AIZLXZ50T36DU', 'name': 'Amazon.co.uk - Amazon.co.uk-Seller'}",{'name': 'Amazon.co.uk - Amazon.co.uk-Seller'},100.0,85.65,81.91,91.27,100.0,100.0
PRD22a65fb2,PRD8a0ec3d5,Trader Joe's Fragrance Free Body Butter Squalane & Shea Butter 8 Oz Ea,Trader Joe's Fragrance Free Body Butter 8 Oz Limited,Trader Joe's Fragrance,Trader Joe's Fragrance,body butter,8.0,oz,8.0,oz,14.27,18.13,GBP,GBP,20251125_201755,20251125_201755,20251125,20251125,"{'url': 'https://www.ebay.co.uk/itm/276738736413?chn=ps&_ul=GB&mkevt=1&mkcid=28&google_free_listing_action=view_item', 'name': 'eBay - karen_mccall'}","{'url': 'https://www.ebay.co.uk/itm/276194760942?chn=ps&_ul=GB&mkevt=1&mkcid=28&google_free_listing_action=view_item', 'name': 'eBay - karen_mccall'}",100.0,86.88,82.69,93.16,100.0,100.0
PRD22a65fb2,PRDea1df7e4,Trader Joe's Fragrance Free Body Butter Squalane & Shea Butter 8 Oz Ea,Trader Joe's Fragrance Free Body Butter Squalene & Shea Butter 8 Oz,Trader Joe's Fragrance,Trader Joe's Fragrance,body butter,8.0,oz,8.0,oz,14.27,9.04,GBP,GBP,20251125_201755,20251125_201755,20251125,20251125,"{'url': 'https://www.ebay.co.uk/itm/276738736413?chn=ps&_ul=GB&mkevt=1&mkcid=28&google_free_listing_action=view_item', 'name': 'eBay - karen_mccall'}",{'name': 'eBay - jerseygirl22013'},100.0,92.25,88.25,98.25,100.0,100.0
PRD33bd0bcb,PRD4d1517d7,Greenwich Bay - 8 Oz. Botanical Body Butter - Sicily,Greenwich Bay - 8 Oz. Botanical Body Butter - Passion Flower,Greenwich Bay,Greenwich Bay,body butter,8.0,oz,8.0,oz,8.17,8.17,GBP,GBP,20251125_201755,20251125_201755,20251125,20251125,"{'url': 'https://www.ebay.co.uk/itm/364589118328?chn=ps&_ul=GB&mkevt=1&mkcid=28&google_free_listing_action=view_item', 'name': 'eBay - mirra.n.me'}","{'url': 'https://www.ebay.co.uk/itm/365017055768?chn=ps&_ul=GB&mkevt=1&mkcid=28&google_free_listing_action=view_item', 'name': 'eBay - mirra.n.me'}",100.0,79.35,83.17,73.61,100.0,100.0
PRD33bd0bcb,PRD53b83ec9,Greenwich Bay - 8 Oz. Botanical Body Butter - Sicily,Greenwich Bay - 8 Oz. Botanical Body Butter - Orchid Jojoba,Greenwich Bay,Greenwich Bay,body butter,8.0,oz,8.0,oz,8.17,8.17,GBP,GBP,20251125_201755,20251125_201755,20251125,20251125,"{'url': 'https://www.ebay.co.uk/itm/364589118328?chn=ps&_ul=GB&mkevt=1&mkcid=28&google_free_listing_action=view_item', 'name': 'eBay - mirra.n.me'}",{'name': 'eBay - mirra.n.me'},100.0,77.92,83.17,70.03,100.0,100.0
PRD33bd0bcb,PRD6107ea92,Greenwich Bay - 8 Oz. Botanical Body Butter - Sicily,Greenwich Bay - 8 Oz. Botanical Body Butter - Morocco,Greenwich Bay,Greenwich Bay,body butter,8.0,oz,8.0,oz,8.17,8.17,GBP,GBP,20251125_201755,20251125_201755,20251125,20251125,"{'url': 'https://www.ebay.co.uk/itm/364589118328?chn=ps&_ul=GB&mkevt=1&mkcid=28&google_free_listing_action=view_item', 'name': 'eBay - mirra.n.me'}","{'url': 'https://www.ebay.co.uk/itm/134762763499?chn=ps&_ul=GB&mkevt=1&mkcid=28&google_free_listing_action=view_item', 'name': 'eBay - mirra.n.me'}",100.0,85.73,86.28,84.91,100.0,100.0
PRD33bd0bcb,PRD8cdbde4e,Greenwich Bay - 8 Oz. Botanical Body Butter - Sicily,Greenwich Bay - 8 Oz. Botanical Body Butter - Winter Garden,Greenwich Bay,Greenwich Bay,body butter,8.0,oz,8.0,oz,8.17,8.17,GBP,GBP,20251125_201755,20251125_201755,20251125,20251125,"{'url': 'https://www.ebay.co.uk/itm/364589118328?chn=ps&_ul=GB&mkevt=1&mkcid=28&google_free_listing_action=view_item', 'name': 'eBay - mirra.n.me'}","{'url': 'https://www.ebay.co.uk/itm/134821149373?chn=ps&_ul=GB&mkevt=1&mkcid=28&google_free_listing_action=view_item', 'name': 'eBay - mirra.n.me'}",100.0,82.0,83.17,80.24,100.0,100.0
PRD4d1517d7,PRD53b83ec9,Greenwich Bay - 8 Oz. Botanical Body Butter - Passion Flower,Greenwich Bay - 8 Oz. Botanical Body Butter - Orchid Jojoba,Greenwich Bay,Greenwich Bay,body butter,8.0,oz,8.0,oz,8.17,8.17,GBP,GBP,20251125_201755,20251125_201755,20251125,20251125,"{'url': 'https://www.ebay.co.uk/itm/365017055768?chn=ps&_ul=GB&mkevt=1&mkcid=28&google_free_listing_action=view_item', 'name': 'eBay - mirra.n.me'}",{'name': 'eBay - mirra.n.me'},100.0,75.64,76.52,74.33,100.0,100.0
PRD4d1517d7,PRD6107ea92,Greenwich Bay - 8 Oz. Botanical Body Butter - Passion Flower,Greenwich Bay - 8 Oz. Botanical Body Butter - Morocco,Greenwich Bay,Greenwich Bay,body butter,8.0,oz,8.0,oz,8.17,8.17,GBP,GBP,20251125_201755,20251125_201755,20251125,20251125,"{'url': 'https://www.ebay.co.uk/itm/365017055768?chn=ps&_ul=GB&mkevt=1&mkcid=28&google_free_listing_action=view_item', 'name': 'eBay - mirra.n.me'}","{'url': 'https://www.ebay.co.uk/itm/134762763499?chn=ps&_ul=GB&mkevt=1&mkcid=28&google_free_listing_action=view_item', 'name': 'eBay - mirra.n.me'}",100.0,79.19,82.55,74.16,100.0,100.0
PRD4d1517d7,PRD8cdbde4e,Greenwich Bay - 8 Oz. Botanical Body Butter - Passion Flower,Greenwich Bay - 8 Oz. Botanical Body Butter - Winter Garden,Greenwich Bay,Greenwich Bay,body butter,8.0,oz,8.0,oz,8.17,8.17,GBP,GBP,20251125_201755,20251125_201755,20251125,20251125,"{'url': 'https://www.ebay.co.uk/itm/365017055768?chn=ps&_ul=GB&mkevt=1&mkcid=28&google_free_listing_action=view_item', 'name': 'eBay - mirra.n.me'}","{'url': 'https://www.ebay.co.uk/itm/134821149373?chn=ps&_ul=GB&mkevt=1&mkcid=28&google_free_listing_action=view_item', 'name': 'eBay - mirra.n.me'}",100.0,77.44,76.52,78.82,100.0,100.0
PRD4d5a0911,PRD4d5a0911,DATSIT - Organic Body Butter | Handmade | Vegan | Cruelty Free | No Preservatives | No Artificial Ingredients | FLORAL: Lavender & Rose - (150ml),DATSIT - Organic Body Butter | Handmade | Vegan | Cruelty Free | No Preservatives | No Artificial Ingredients | FLORAL: Lavender & Rose - (150ml),DATSIT Organic,DATSIT Organic,body butter,150.0,ml,150.0,ml,15.0,15.0,GBP,GBP,20251125_201725,20251125_201742,20251125,20251125,"{'url': 'https://www.amazon.co.uk/DATSIT-Handmade-Preservatives-Artificial-Ingredients/dp/B0BQX2GTG5?source=ps-sl-shoppingads-lpcontext&ref_=fplfs&psc=1&smid=AIZLXZ50T36DU', 'name': 'Amazon.co.uk - Amazon.co.uk-Seller'}",{'name': 'Amazon.co.uk - Amazon.co.uk-Seller'},100.0,100.0,100.0,100.0,100.0,100.0
PRD53b83ec9,PRD6107ea92,Greenwich Bay - 8 Oz. Botanical Body Butter - Orchid Jojoba,Greenwich Bay - 8 Oz. Botanical Body Butter - Morocco,Greenwich Bay,Greenwich Bay,body butter,8.0,oz,8.0,oz,8.17,8.17,GBP,GBP,20251125_201755,20251125_201755,20251125,20251125,{'name': 'eBay - mirra.n.me'},"{'url': 'https://www.ebay.co.uk/itm/134762763499?chn=ps&_ul=GB&mkevt=1&mkcid=28&google_free_listing_action=view_item', 'name': 'eBay - mirra.n.me'}",100.0,77.64,82.55,70.28,100.0,100.0
PRD53b83ec9,PRD8cdbde4e,Greenwich Bay - 8 Oz. Botanical Body Butter - Orchid Jojoba,Greenwich Bay - 8 Oz. Botanical Body Butter - Winter Garden,Greenwich Bay,Greenwich Bay,body butter,8.0,oz,8.0,oz,8.17,8.17,GBP,GBP,20251125_201755,20251125_201755,20251125,20251125,{'name': 'eBay - mirra.n.me'},"{'url': 'https://www.ebay.co.uk/itm/134821149373?chn=ps&_ul=GB&mkevt=1&mkcid=28&google_free_listing_action=view_item', 'name': 'eBay - mirra.n.me'}",100.0,75.88,76.52,74.93,100.0,100.0
PRD572eebb1,PRD572eebb1,"Coconut Body Butter 200g - Body Butter for Dry Skin - Skin Care Body Moisturiser - Natural Coconut Oil Body Cream - Coconut Butter for Moisturizing,","Coconut Body Butter 200g - Body Butter for Dry Skin - Skin Care Body Moisturiser - Natural Coconut Oil Body Cream - Coconut Butter for Moisturizing,",Coconut Body Butter,Coconut Body Butter,body butter,200.0,g,200.0,g,7.99,7.99,GBP,GBP,20251125_201725,20251125_201742,20251125,20251125,{'name': 'Amazon.co.uk - Amazon.co.uk-Seller'},"{'url': 'https://www.amazon.co.uk/Coconut-Body-Butter-200g-Moisturizing/dp/B0D2VY4DCZ?source=ps-sl-shoppingads-lpcontext&ref_=fplfs&psc=1&smid=A1KQPED44F5W55', 'name': 'Amazon.co.uk - Amazon.co.uk-Seller'}",100.0,100.0,100.0,100.0,100.0,100.0
PRD572eebb1,PRD61f121c6,"Coconut Body Butter 200g - Body Butter for Dry Skin - Skin Care Body Moisturiser - Natural Coconut Oil Body Cream - Coconut Butter for Moisturizing,","200g Coconut Body Butter - Body Cream For Women - Hydrating Lotion For Dry Skin - Moisturizer With Coconut Oil - Smooth, Improve Skin Texture",Coconut Body Butter,Coconut Body,body butter,200.0,g,200.0,g,7.99,6.99,GBP,GBP,20251125_201725,20251125_201742,20251125,20251125,{'name': 'Amazon.co.uk - Amazon.co.uk-Seller'},{'name': 'Amazon.co.uk - Amazon.co.uk-Seller'},65.9,70.86,60.84,85.89,0.0,100.0
PRD572eebb1,PRD61f121c6,"Coconut Body Butter 200g - Body Butter for Dry Skin - Skin Care Body Moisturiser - Natural Coconut Oil Body Cream - Coconut Butter for Moisturizing,","200g Coconut Body Butter - Body Cream For Women - Hydrating Lotion For Dry Skin - Moisturizer With Coconut Oil - Smooth, Improve Skin Texture",Coconut Body Butter,Coconut Body,body butter,200.0,g,200.0,g,7.99,6.99,GBP,GBP,20251125_201742,20251125_201742,20251125,20251125,"{'url': 'https://www.amazon.co.uk/Coconut-Body-Butter-200g-Moisturizing/dp/B0D2VY4DCZ?source=ps-sl-shoppingads-lpcontext&ref_=fplfs&psc=1&smid=A1KQPED44F5W55', 'name': 'Amazon.co.uk - Amazon.co.uk-Seller'}",{'name': 'Amazon.co.uk - Amazon.co.uk-Seller'},65.9,70.86,60.84,85.89,0.0,100.0
PRD6107ea92,PRD8cdbde4e,Greenwich Bay - 8 Oz. Botanical Body Butter - Morocco,Greenwich Bay - 8 Oz. Botanical Body Butter - Winter Garden,Greenwich Bay,Greenwich Bay,body butter,8.0,oz,8.0,oz,8.17,8.17,GBP,GBP,20251125_201755,20251125_201755,20251125,20251125,"{'url': 'https://www.ebay.co.uk/itm/134762763499?chn=ps&_ul=GB&mkevt=1&mkcid=28&google_free_listing_action=view_item', 'name': 'eBay - mirra.n.me'}","{'url': 'https://www.ebay.co.uk/itm/134821149373?chn=ps&_ul=GB&mkevt=1&mkcid=28&google_free_listing_action=view_item', 'name': 'eBay - mirra.n.me'}",100.0,82.04,82.55,81.28,100.0,100.0
PRD65b7f409,PRD804c16c4,Nivea Blossom Cocoa Butter Body Cream 250 Ml,NIVEA Cocoa Butter Body Cream 250ml Pack of 12,Nivea Blossom Cocoa,NIVEA Cocoa Butter,body butter,250.0,ml,250.0,ml,36.8,3.17,GBP,GBP,20251125_201814,20251125_201814,20251125,20251125,"{'url': 'https://www.ebay.co.uk/itm/376706784635?chn=ps&_ul=GB&mkevt=1&mkcid=28&google_free_listing_action=view_item', 'name': 'eBay - onebioshopcom'}",{'name': 'kalestimes.gr'},68.5,73.5,64.67,86.76,0.0,100.0
PRD65b7f409,PRDf3052275,Nivea Blossom Cocoa Butter Body Cream 250 Ml,"Nivea Body Cream Cocoa Butter With Vitamin E, 250ml (pack Of 2)",Nivea Blossom Cocoa,Nivea Body Cream,body butter,250.0,ml,250.0,ml,36.8,17.26,GBP,GBP,20251125_201814,20251125_201814,20251125,20251125,"{'url': 'https://www.ebay.co.uk/itm/376706784635?chn=ps&_ul=GB&mkevt=1&mkcid=28&google_free_listing_action=view_item', 'name': 'eBay - onebioshopcom'}","{'url': 'https://www.ebay.co.uk/itm/176307264891?chn=ps&_ul=GB&mkevt=1&mkcid=28&google_free_listing_action=view_item', 'name': 'eBay - marketcol'}",65.9,70.87,61.0,85.67,0.0,100.0
PRD692e7f6c,PRD7b34d708,Xbc Body Butter Argan Oil 250ml X 12,Xbc Body Butter Argan Oil 250ml,Xbc Body Butter,Xbc Body Butter,body butter,250.0,ml,250.0,ml,16.94,5.15,GBP,GBP,20251125_201826,20251125_201755,20251125,20251125,"{'url': 'https://www.ebay.co.uk/itm/286030232771?chn=ps&_ul=GB&mkevt=1&mkcid=28&google_free_listing_action=view_item', 'name': 'eBay - vitapoint'}","{'url': 'https://www.ebay.co.uk/itm/286030224762?chn=ps&_ul=GB&mkevt=1&mkcid=28&google_free_listing_action=view_item', 'name': 'eBay - vitapoint'}",100.0,90.53,90.0,91.32,100.0,100.0
PRD692e7f6c,PRDf8e0f7a5,Xbc Body Butter Argan Oil 250ml X 12,Argan Oil Body Butter with Moroccan Argan Oil Extract 250ml,Xbc Body Butter,Argan Oil Body,body butter,250.0,ml,250.0,ml,16.94,4.4,GBP,GBP,20251125_201826,20251125_201710,20251125,20251125,"{'url': 'https://www.ebay.co.uk/itm/286030232771?chn=ps&_ul=GB&mkevt=1&mkcid=28&google_free_listing_action=view_item', 'name': 'eBay - vitapoint'}","{'url': 'https://www.superdrug.com/skin/body-care/body-butter/argan-oil-body-butter-with-moroccan-argan-oil-extract-250ml/p/mp-00044801', 'name': 'Superdrug.com'}",65.7,70.7,69.61,72.32,0.0,100.0
PRD6d432c49,PRD804c16c4,"Nivea Cocoa Butter Body Cream With Vitamin E, 13.5oz (400ml) (pack Of",NIVEA Cocoa Butter Body Cream 250ml Pack of 12,Nivea Cocoa Butter,NIVEA Cocoa Butter,body butter,13.5,oz,250.0,ml,31.79,3.17,GBP,GBP,20251125_201814,20251125_201814,20251125,20251125,"{'url': 'https://www.ebay.co.uk/itm/176504208197?chn=ps&_ul=GB&mkevt=1&mkcid=28&google_free_listing_action=view_item', 'name': 'eBay - marketcol'}",{'name': 'kalestimes.gr'},88.2,78.16,72.16,87.15,100.0,0.0
PRD7b34d708,PRDf8e0f7a5,Xbc Body Butter Argan Oil 250ml,Argan Oil Body Butter with Moroccan Argan Oil Extract 250ml,Xbc Body Butter,Argan Oil Body,body butter,250.0,ml,250.0,ml,5.15,4.4,GBP,GBP,20251125_201755,20251125_201710,20251125,20251125,"{'url': 'https://www.ebay.co.uk/itm/286030224762?chn=ps&_ul=GB&mkevt=1&mkcid=28&google_free_listing_action=view_item', 'name': 'eBay - vitapoint'}","{'url': 'https://www.superdrug.com/skin/body-care/body-butter/argan-oil-body-butter-with-moroccan-argan-oil-extract-250ml/p/mp-00044801', 'name': 'Superdrug.com'}",74.4,79.44,78.08,81.48,0.0,100.0
PRD804c16c4,PRDf3052275,NIVEA Cocoa Butter Body Cream 250ml Pack of 12,"Nivea Body Cream Cocoa Butter With Vitamin E, 250ml (pack Of 2)",NIVEA Cocoa Butter,Nivea Body Cream,body butter,250.0,ml,250.0,ml,3.17,17.26,GBP,GBP,20251125_201814,20251125_201814,20251125,20251125,{'name': 'kalestimes.gr'},"{'url': 'https://www.ebay.co.uk/itm/176307264891?chn=ps&_ul=GB&mkevt=1&mkcid=28&google_free_listing_action=view_item', 'name': 'eBay - marketcol'}",78.5,83.48,82.59,84.81,0.0,100.0
PRD8a0ec3d5,PRDea1df7e4,Trader Joe's Fragrance Free Body Butter 8 Oz Limited,Trader Joe's Fragrance Free Body Butter Squalene & Shea Butter 8 Oz,Trader Joe's Fragrance,Trader Joe's Fragrance,body butter,8.0,oz,8.0,oz,18.13,9.04,GBP,GBP,20251125_201755,20251125_201755,20251125,20251125,"{'url': 'https://www.ebay.co.uk/itm/276194760942?chn=ps&_ul=GB&mkevt=1&mkcid=28&google_free_listing_action=view_item', 'name': 'eBay - karen_mccall'}",{'name': 'eBay - jerseygirl22013'},100.0,88.37,85.0,93.43,100.0,100.0
PRD01a50bc7,PRD1083ba0f,Friendly Soap Conditioner Bar - Fragrance-free 90g-4 Pack,Friendly Soap Conditioner Bar - Fragrance-free 90g - 3 Pack,Friendly Soap,Friendly Soap,conditioner bar,90.0,g,90.0,g,33.22,29.51,GBP,GBP,20251125_201251,20251125_201317,20251125,20251125,"{'url': 'https://www.ebay.co.uk/itm/155951743343?chn=ps&_ul=GB&mkevt=1&mkcid=28&google_free_listing_action=view_item', 'name': 'eBay - gudz_uk'}","{'url': 'https://www.fruugo.co.uk/friendly-soap-conditioner-bar-fragrance-free-90g-3-pack/p-406607061-862020461?language=en&ac=google&utm_source=google&utm_medium=organic', 'name': 'fruugo.co.uk'}",100.0,94.14,90.91,99.0,100.0,100.0
PRD01a50bc7,PRD3b9003a9,Friendly Soap Conditioner Bar - Fragrance-free 90g-4 Pack,Friendly Soap Conditioner Bar - Lavender & Geranium 90g-4 Pack,Friendly Soap,Friendly Soap,conditioner bar,90.0,g,90.0,g,33.22,33.22,GBP,GBP,20251125_201251,20251125_201251,20251125,20251125,"{'url': 'https://www.ebay.co.uk/itm/155951743343?chn=ps&_ul=GB&mkevt=1&mkcid=28&google_free_listing_action=view_item', 'name': 'eBay - gudz_uk'}","{'url': 'https://www.ebay.co.uk/itm/167503596136?chn=ps&_ul=GB&mkevt=1&mkcid=28&google_free_listing_action=view_item', 'name': 'eBay - gudz_uk'}",100.0,76.8,76.43,77.36,100.0,100.0
PRD01a50bc7,PRD9651c99e,Friendly Soap Conditioner Bar - Fragrance-free 90g-4 Pack,Friendly Soap Conditioner Bar - Lavender & Tea Tree 90g-4 Pack,Friendly Soap,Friendly Soap,conditioner bar,90.0,g,90.0,g,33.22,33.22,GBP,GBP,20251125_201251,20251125_201317,20251125,20251125,"{'url': 'https://www.ebay.co.uk/itm/155951743343?chn=ps&_ul=GB&mkevt=1&mkcid=28&google_free_listing_action=view_item', 'name': 'eBay - gudz_uk'}","{'url': 'https://www.ebay.co.uk/itm/156970827748?chn=ps&_ul=GB&mkevt=1&mkcid=28&google_free_listing_action=view_item', 'name': 'eBay - gudz_uk'}",100.0,76.68,74.31,80.25,100.0,100.0
PRD01a50bc7,PRD9d9bbcae,Friendly Soap Conditioner Bar - Fragrance-free 90g-4 Pack,Friendly Soap Conditioner Bar - Lavender & Geranium 90g - 4 Pack,Friendly Soap,Friendly Soap,conditioner bar,90.0,g,90.0,g,33.22,34.18,GBP,GBP,20251125_201251,20251125_201251,20251125,20251125,"{'url': 'https://www.ebay.co.uk/itm/155951743343?chn=ps&_ul=GB&mkevt=1&mkcid=28&google_free_listing_action=view_item', 'name': 'eBay - gudz_uk'}","{'url': 'https://www.ebay.co.uk/itm/257110479579?chn=ps&_ul=GB&mkevt=1&mkcid=28&google_free_listing_action=view_item', 'name': 'eBay - healthplusliving'}",100.0,76.8,76.43,77.36,100.0,100.0
PRD01a50bc7,PRDcc1d38ab,Friendly Soap Conditioner Bar - Fragrance-free 90g-4 Pack,"FRIENDLY SOAP Lavender Tea Tree Conditioner Bar, 95 GR",Friendly Soap,Friendly Soap,conditioner bar,90.0,g,95.0,g,33.22,30.0,GBP,GBP,20251125_201251,20251125_201317,20251125,20251125,"{'url': 'https://www.ebay.co.uk/itm/155951743343?chn=ps&_ul=GB&mkevt=1&mkcid=28&google_free_listing_action=view_item', 'name': 'eBay - gudz_uk'}","{'url': 'https://www.u-buy.co.uk/product/21D0P7G-friendly-soap-conditioner-bar-lavender-tea-tree-95g?srsltid=AfmBOorVzdXDkJcbpKsko8wvj5XRYaAN_159u1l7YmtXKnPKb5lOn08J5aY', 'name': 'Ubuy'}",92.9,62.92,56.98,71.84,100.0,50.0
PRD0b24db47,PRD556911d2,Battle Green Natural Conditioner Bars (55g),Battle Green Natural Conditioner Bar: Mint (55g Bar) - Yes,Battle Green Natural,Battle Green Natural,conditioner bar,55.0,g,55.0,g,6.45,9.1,GBP,GBP,20251125_201206,20251125_201221,20251125,20251125,"{'url': 'https://battlegreen.co.uk/product/natural-vegan-conditioner-bars-55g/?attribute_scent=Mint&attribute_add-a-storage-tin=No&srsltid=AfmBOopbsSs8lo1F3V9YSLZBzpfVEqB4GTkatjCJVd5Z30K6YHcydjTZD2k', 'name': 'Battle Green'}","{'url': 'https://battlegreen.co.uk/product/mint-hair-conditioner-bar-55g/?attribute_add-a-travel-tin=Yes&srsltid=AfmBOoqdFtBsblG44nrbKaOebCsD2e5RRE5QMn5R09zU_VoavDbzmHwfcc8', 'name': 'Battle Green'}",100.0,80.15,78.33,82.89,100.0,100.0
PRD1083ba0f,PRD3b9003a9,Friendly Soap Conditioner Bar - Fragrance-free 90g - 3 Pack,Friendly Soap Conditioner Bar - Lavender & Geranium 90g-4 Pack,Friendly Soap,Friendly Soap,conditioner bar,90.0,g,90.0,g,29.51,33.22,GBP,GBP,20251125_201317,20251125_201251,20251125,20251125,"{'url': 'https://www.fruugo.co.uk/friendly-soap-conditioner-bar-fragrance-free-90g-3-pack/p-406607061-862020461?language=en&ac=google&utm_source=google&utm_medium=organic', 'name': 'fruugo.co.uk'}","{'url': 'https://www.ebay.co.uk/itm/167503596136?chn=ps&_ul=GB&mkevt=1&mkcid=28&google_free_listing_action=view_item', 'name': 'eBay - gudz_uk'}",100.0,72.81,69.91,77.15,100.0,100.0
PRD1083ba0f,PRD9651c99e,Friendly Soap Conditioner Bar - Fragrance-free 90g - 3 Pack,Friendly Soap Conditioner Bar - Lavender & Tea Tree 90g-4 Pack,Friendly Soap,Friendly Soap,conditioner bar,90.0,g,90.0,g,29.51,33.22,GBP,GBP,20251125_201317,20251125_201317,20251125,20251125,"{'url': 'https://www.fruugo.co.uk/friendly-soap-conditioner-bar-fragrance-free-90g-3-pack/p-406607061-862020461?language=en&ac=google&utm_source=google&utm_medium=organic', 'name': 'fruugo.co.uk'}","{'url': 'https://www.ebay.co.uk/itm/156970827748?chn=ps&_ul=GB&mkevt=1&mkcid=28&google_free_listing_action=view_item', 'name': 'eBay - gudz_uk'}",100.0,73.03,68.37,80.01,100.0,100.0
PRD1083ba0f,PRD9d9bbcae,Friendly Soap Conditioner Bar - Fragrance-free 90g - 3 Pack,Friendly Soap Conditioner Bar - Lavender & Geranium 90g - 4 Pack,Friendly Soap,Friendly Soap,conditioner bar,90.0,g,90.0,g,29.51,34.18,GBP,GBP,20251125_201317,20251125_201251,20251125,20251125,"{'url': 'https://www.fruugo.co.uk/friendly-soap-conditioner-bar-fragrance-free-90g-3-pack/p-406607061-862020461?language=en&ac=google&utm_source=google&utm_medium=organic', 'name': 'fruugo.co.uk'}","{'url': 'https://www.ebay.co.uk/itm/257110479579?chn=ps&_ul=GB&mkevt=1&mkcid=28&google_free_listing_action=view_item', 'name': 'eBay - healthplusliving'}",100.0,72.81,69.91,77.15,100.0,100.0
PRD1083ba0f,PRDcc1d38ab,Friendly Soap Conditioner Bar - Fragrance-free 90g - 3 Pack,"FRIENDLY SOAP Lavender Tea Tree Conditioner Bar, 95 GR",Friendly Soap,Friendly Soap,conditioner bar,90.0,g,95.0,g,29.51,30.0,GBP,GBP,20251125_201317,20251125_201317,20251125,20251125,"{'url': 'https://www.fruugo.co.uk/friendly-soap-conditioner-bar-fragrance-free-90g-3-pack/p-406607061-862020461?language=en&ac=google&utm_source=google&utm_medium=organic', 'name': 'fruugo.co.uk'}","{'url': 'https://www.u-buy.co.uk/product/21D0P7G-friendly-soap-conditioner-bar-lavender-tea-tree-95g?srsltid=AfmBOorVzdXDkJcbpKsko8wvj5XRYaAN_159u1l7YmtXKnPKb5lOn08J5aY', 'name': 'Ubuy'}",93.0,62.97,56.98,71.95,100.0,50.0
PRD2fb50dc4,PRD383f10fc,grüum glôs Nourishing Coconut Conditioner 50g Bar,grüum Glôs Brightening Lemon Conditioner 50g Bar,Nourishing,Glôs Brightening,conditioner bar,50.0,g,50.0,g,7.0,7.0,GBP,GBP,20251125_201206,20251125_201221,20251125,20251125,"{'url': 'https://www.gruum.com/product/glos-conditioner-bar-nourishing-50g/?srsltid=AfmBOoqYGPsQDDagedh6_3auXtzeh5ZjD_LryR7ifmqpw1Khhig-DSm5AC4', 'name': 'grüum'}","{'url': 'https://www.gruum.com/product/glos-conditioner-bar-brightening-50g/?srsltid=AfmBOopDK2ShwqgO6MU2dsOMAY7LG9p9su4jQSYinlTGKCiYZhYYiTMa7Wg', 'name': 'grüum'}",66.7,71.73,71.61,71.92,0.0,100.0
PRD3b9003a9,PRD9651c99e,Friendly Soap Conditioner Bar - Lavender & Geranium 90g-4 Pack,Friendly Soap Conditioner Bar - Lavender & Tea Tree 90g-4 Pack,Friendly Soap,Friendly Soap,conditioner bar,90.0,g,90.0,g,33.22,33.22,GBP,GBP,20251125_201251,20251125_201317,20251125,20251125,"{'url': 'https://www.ebay.co.uk/itm/167503596136?chn=ps&_ul=GB&mkevt=1&mkcid=28&google_free_listing_action=view_item', 'name': 'eBay - gudz_uk'}","{'url': 'https://www.ebay.co.uk/itm/156970827748?chn=ps&_ul=GB&mkevt=1&mkcid=28&google_free_listing_action=view_item', 'name': 'eBay - gudz_uk'}",100.0,85.45,84.04,87.57,100.0,100.0
PRD3b9003a9,PRD9d9bbcae,Friendly Soap Conditioner Bar - Lavender & Geranium 90g-4 Pack,Friendly Soap Conditioner Bar - Lavender & Geranium 90g - 4 Pack,Friendly Soap,Friendly Soap,conditioner bar,90.0,g,90.0,g,33.22,34.18,GBP,GBP,20251125_201251,20251125_201251,20251125,20251125,"{'url': 'https://www.ebay.co.uk/itm/167503596136?chn=ps&_ul=GB&mkevt=1&mkcid=28&google_free_listing_action=view_item', 'name': 'eBay - gudz_uk'}","{'url': 'https://www.ebay.co.uk/itm/257110479579?chn=ps&_ul=GB&mkevt=1&mkcid=28&google_free_listing_action=view_item', 'name': 'eBay - healthplusliving'}",100.0,100.0,100.0,100.0,100.0,100.0
PRD3b9003a9,PRDcc1d38ab,Friendly Soap Conditioner Bar - Lavender & Geranium 90g-4 Pack,"FRIENDLY SOAP Lavender Tea Tree Conditioner Bar, 95 GR",Friendly Soap,Friendly Soap,conditioner bar,90.0,g,95.0,g,33.22,30.0,GBP,GBP,20251125_201251,20251125_201317,20251125,20251125,"{'url': 'https://www.ebay.co.uk/itm/167503596136?chn=ps&_ul=GB&mkevt=1&mkcid=28&google_free_listing_action=view_item', 'name': 'eBay - gudz_uk'}","{'url': 'https://www.u-buy.co.uk/product/21D0P7G-friendly-soap-conditioner-bar-lavender-tea-tree-95g?srsltid=AfmBOorVzdXDkJcbpKsko8wvj5XRYaAN_159u1l7YmtXKnPKb5lOn08J5aY', 'name': 'Ubuy'}",100.0,73.23,65.49,84.82,100.0,50.0
PRD3df92978,PRDec92a949,KinKind Rice Water Conditioner Bar 50g - for Thin Hair,KinKind Nourish Me Conditioner Bar 50g - for Dry & Normal Hair,KinKind Rice Water,KinKind Nourish Me,conditioner bar,50.0,g,50.0,g,8.5,8.5,GBP,GBP,20251125_201237,20251125_201237,20251125,20251125,"{'url': 'https://plasticfreedom.co.uk/products/kinkind-rice-water-conditioner-bar-50g-for-thin-hair?currency=GBP&variant=55818975641978&utm_source=google&utm_medium=cpc&utm_campaign=Google%20Shopping&stkn=acaf22394eb6&srsltid=AfmBOoq01rKBwH-_AoIoDPwfniHF3Q6XBOa74njEJAwS6ebObYMdatvZLuI', 'name': 'Plastic Freedom'}","{'url': 'https://plasticfreedom.co.uk/products/kinkind-nourish-me-conditioner-bar-50g-for-dry-normal-hair?currency=GBP&variant=56026149552506&utm_source=google&utm_medium=cpc&utm_campaign=Google%20Shopping&stkn=acaf22394eb6&srsltid=AfmBOorfu7M-Bdg1uzeI6GazhNkGUtp3WXr6bt1AUSfCm3Cu-HDPluF73lo', 'name': 'Plastic Freedom'}",66.0,71.01,67.55,76.21,0.0,100.0
PRD556911d2,PRD9b6fe3df,Battle Green Natural Conditioner Bar: Mint (55g Bar) - Yes,Mint Conditioner Bar 55g,Battle Green Natural,Mint Conditioner Bar,conditioner bar,55.0,g,55.0,g,9.1,6.45,GBP,GBP,20251125_201221,20251125_201303,20251125,20251125,"{'url': 'https://battlegreen.co.uk/product/mint-hair-conditioner-bar-55g/?attribute_add-a-travel-tin=Yes&srsltid=AfmBOoqdFtBsblG44nrbKaOebCsD2e5RRE5QMn5R09zU_VoavDbzmHwfcc8', 'name': 'Battle Green'}","{'url': 'https://battlegreen.co.uk/product/mint-hair-conditioner-bar-55g/?attribute_add-a-travel-tin=No&srsltid=AfmBOophH8sswO8GAgON9eqb8edxa3B-YoXST0cCG9GeYs_r8jPK6UUd27g', 'name': 'Battle Green'}",75.8,80.85,80.0,82.12,0.0,100.0
PRD9651c99e,PRD9d9bbcae,Friendly Soap Conditioner Bar - Lavender & Tea Tree 90g-4 Pack,Friendly Soap Conditioner Bar - Lavender & Geranium 90g - 4 Pack,Friendly Soap,Friendly Soap,conditioner bar,90.0,g,90.0,g,33.22,34.18,GBP,GBP,20251125_201317,20251125_201251,20251125,20251125,"{'url': 'https://www.ebay.co.uk/itm/156970827748?chn=ps&_ul=GB&mkevt=1&mkcid=28&google_free_listing_action=view_item', 'name': 'eBay - gudz_uk'}","{'url': 'https://www.ebay.co.uk/itm/257110479579?chn=ps&_ul=GB&mkevt=1&mkcid=28&google_free_listing_action=view_item', 'name': 'eBay - healthplusliving'}",100.0,85.45,84.04,87.57,100.0,100.0
PRD9651c99e,PRDcc1d38ab,Friendly Soap Conditioner Bar - Lavender & Tea Tree 90g-4 Pack,"FRIENDLY SOAP Lavender Tea Tree Conditioner Bar, 95 GR",Friendly Soap,Friendly Soap,conditioner bar,90.0,g,95.0,g,33.22,30.0,GBP,GBP,20251125_201317,20251125_201317,20251125,20251125,"{'url': 'https://www.ebay.co.uk/itm/156970827748?chn=ps&_ul=GB&mkevt=1&mkcid=28&google_free_listing_action=view_item', 'name': 'eBay - gudz_uk'}","{'url': 'https://www.u-buy.co.uk/product/21D0P7G-friendly-soap-conditioner-bar-lavender-tea-tree-95g?srsltid=AfmBOorVzdXDkJcbpKsko8wvj5XRYaAN_159u1l7YmtXKnPKb5lOn08J5aY', 'name': 'Ubuy'}",100.0,85.58,79.73,94.36,100.0,50.0
PRD9d9bbcae,PRDcc1d38ab,Friendly Soap Conditioner Bar - Lavender & Geranium 90g - 4 Pack,"FRIENDLY SOAP Lavender Tea Tree Conditioner Bar, 95 GR",Friendly Soap,Friendly Soap,conditioner bar,90.0,g,95.0,g,34.18,30.0,GBP,GBP,20251125_201251,20251125_201317,20251125,20251125,"{'url': 'https://www.ebay.co.uk/itm/257110479579?chn=ps&_ul=GB&mkevt=1&mkcid=28&google_free_listing_action=view_item', 'name': 'eBay - healthplusliving'}","{'url': 'https://www.u-buy.co.uk/product/21D0P7G-friendly-soap-conditioner-bar-lavender-tea-tree-95g?srsltid=AfmBOorVzdXDkJcbpKsko8wvj5XRYaAN_159u1l7YmtXKnPKb5lOn08J5aY', 'name': 'Ubuy'}",100.0,73.23,65.49,84.82,100.0,50.0
PRD24f7ea47,PRDc735e28d,Hyaluronic Acid & Vitamin C Anti-aging Facial Serum - 30ml Odm,"Vitamin C Serum - Brightening & Moisturizing Facial Care with Glycerin & Hyaluronate, 30ml",Hyaluronic Acid,Vitamin C Serum,face serum,30.0,ml,30.0,ml,48.08,20.95,GBP,GBP,20251125_201541,20251125_201600,20251125,20251125,{'name': 'Alibaba.com'},"{'url': 'https://www.fruugo.co.uk/vitamin-c-serum-brightening-moisturizing-facial-care-with-glycerin-hyaluronate-30ml/p-443150415-930323747?language=en&ac=google&utm_source=google&utm_medium=organic', 'name': 'fruugo.co.uk'}",69.1,64.09,52.5,81.48,0.0,100.0
PRD24f7ea47,PRDd7d24bde,Hyaluronic Acid & Vitamin C Anti-aging Facial Serum - 30ml Odm,Super Facial Vitamin C Glow Boosting Serum 30ml,Hyaluronic Acid,Super Facial Vitamin,face serum,30.0,ml,30.0,ml,48.08,320.26,GBP,GBP,20251125_201541,20251125_201517,20251125,20251125,{'name': 'Alibaba.com'},"{'url': 'https://britishessentials.com/fr/products/super-facial-vitamin-c-glow-boosting-serum-30ml?srsltid=AfmBOoruEVbia0lDSUlK9vg46MePTIi7vcTDTm872j8-MPkEuz5NhzOr0oc', 'name': 'British Essentials'}",68.0,63.03,59.17,68.82,0.0,100.0
PRD3062a3f8,PRDb24767bf,"The Inkey List Retinol Serum: Anti-aging Treatment, 30ml, Fragrance",The Inkey List Retinol Serum 30ml,The INKEY List,The INKEY List,face serum,30.0,ml,30.0,ml,12.45,10.0,GBP,GBP,20251125_201541,20251125_201541,20251125,20251125,"{'url': 'https://www.ebay.co.uk/itm/116492410390?chn=ps&_ul=GB&mkevt=1&mkcid=28&google_free_listing_action=view_item', 'name': 'eBay'}","{'url': 'https://www.ebay.co.uk/itm/126951305509?chn=ps&_ul=GB&mkevt=1&mkcid=28&google_free_listing_action=view_item', 'name': 'eBay - termo94'}",100.0,79.84,84.0,73.6,100.0,100.0
PRD710bd560,PRDfbd47596,Cerave Hydrating Hyaluronic Acid Serum 30ml 1 Or 2pcs Moisturizing,1-2x Cerave Hydrating Hyaluronic Acid Serum Moisturising Serum 30ml Uk,Cerave Hydrating Hyaluronic,Cerave Hydrating,face serum,30.0,ml,30.0,ml,11.6,5.99,GBP,GBP,20251125_201517,20251125_201517,20251125,20251125,"{'url': 'https://www.ebay.co.uk/itm/286623605172?chn=ps&_ul=GB&mkevt=1&mkcid=28&google_free_listing_action=view_item', 'name': 'eBay - osasuaglobal'}","{'url': 'https://www.ebay.co.uk/itm/315927002878?chn=ps&_ul=GB&mkevt=1&mkcid=28&var=614422072020&google_free_listing_action=view_item', 'name': 'eBay'}",88.5,83.46,76.92,93.26,0.0,100.0
PRD987ea3b2,PRDc735e28d,skinChemists professional Men's Vitamin C Facial Serum 30ml,"Vitamin C Serum - Brightening & Moisturizing Facial Care with Glycerin & Hyaluronate, 30ml",Men's,Vitamin C Serum,face serum,30.0,ml,30.0,ml,19.89,20.95,GBP,GBP,20251125_201504,20251125_201600,20251125,20251125,"{'url': 'https://www.wallis.co.uk/product/skinchemists-professional-men-s-vitamin-c-facial-serum-30ml_p-09ccfdb6-bc62-4c56-9dca-023215dad027?colour=White&size=One%20Size&srsltid=AfmBOorufLDvPJSXe_tCsT7DgMr0Y6gVdtggUbd7A6IfbJOpCKp2XfO2f3w', 'name': 'Wallis UK'}","{'url': 'https://www.fruugo.co.uk/vitamin-c-serum-brightening-moisturizing-facial-care-with-glycerin-hyaluronate-30ml/p-443150415-930323747?language=en&ac=google&utm_source=google&utm_medium=organic', 'name': 'fruugo.co.uk'}",65.3,60.32,51.01,74.29,0.0,100.0
PRD987ea3b2,PRDd7d24bde,skinChemists professional Men's Vitamin C Facial Serum 30ml,Super Facial Vitamin C Glow Boosting Serum 30ml,Men's,Super Facial Vitamin,face serum,30.0,ml,30.0,ml,19.89,320.26,GBP,GBP,20251125_201504,20251125_201517,20251125,20251125,"{'url': 'https://www.wallis.co.uk/product/skinchemists-professional-men-s-vitamin-c-facial-serum-30ml_p-09ccfdb6-bc62-4c56-9dca-023215dad027?colour=White&size=One%20Size&srsltid=AfmBOorufLDvPJSXe_tCsT7DgMr0Y6gVdtggUbd7A6IfbJOpCKp2XfO2f3w', 'name': 'Wallis UK'}","{'url': 'https://britishessentials.com/fr/products/super-facial-vitamin-c-glow-boosting-serum-30ml?srsltid=AfmBOoruEVbia0lDSUlK9vg46MePTIi7vcTDTm872j8-MPkEuz5NhzOr0oc', 'name': 'British Essentials'}",72.2,67.16,60.45,77.24,0.0,100.0
PRDc735e28d,PRDd7d24bde,"Vitamin C Serum - Brightening & Moisturizing Facial Care with Glycerin & Hyaluronate, 30ml",Super Facial Vitamin C Glow Boosting Serum 30ml,Vitamin C Serum,Super Facial Vitamin,face serum,30.0,ml,30.0,ml,20.95,320.26,GBP,GBP,20251125_201600,20251125_201517,20251125,20251125,"{'url': 'https://www.fruugo.co.uk/vitamin-c-serum-brightening-moisturizing-facial-care-with-glycerin-hyaluronate-30ml/p-443150415-930323747?language=en&ac=google&utm_source=google&utm_medium=organic', 'name': 'fruugo.co.uk'}","{'url': 'https://britishessentials.com/fr/products/super-facial-vitamin-c-glow-boosting-serum-30ml?srsltid=AfmBOoruEVbia0lDSUlK9vg46MePTIi7vcTDTm872j8-MPkEuz5NhzOr0oc', 'name': 'British Essentials'}",70.2,65.21,58.07,75.93,0.0,100.0
PRD0a0224ff,PRDa2e8973d,Shampoo Bar - Orange & Bergamot - Oily Hair - Travel Size 28g,Shampoo Bar - Lime & Coconut - All Hair Types - Full Size 60g,Shampoo Bar,Shampoo Bar,shampoo bar,28.0,g,60.0,g,3.2,7.0,GBP,GBP,20251125_201008,20251125_201008,20251125,20251125,"{'url': 'https://www.peacewiththewild.co.uk/product/botanical-shampoo-bar-orange-bergamot-60g/?attribute_pa_size=travel-size-28g', 'name': 'Peace With The Wild'}","{'url': 'https://www.peacewiththewild.co.uk/product/botanical-shampoo-bar-lime-coconut-60g/?attribute_pa_size=full-size-60g', 'name': 'Peace With The Wild'}",67.3,57.27,49.16,69.44,100.0,0.0
PRD0a0224ff,PRDf1291724,Shampoo Bar - Orange & Bergamot - Oily Hair - Travel Size 28g,Shampoo Bar – Calendula – Fine Hair - Full Size 60g,Shampoo Bar,Shampoo Bar,shampoo bar,28.0,g,60.0,g,3.2,7.0,GBP,GBP,20251125_201008,20251125_201008,20251125,20251125,"{'url': 'https://www.peacewiththewild.co.uk/product/botanical-shampoo-bar-orange-bergamot-60g/?attribute_pa_size=travel-size-28g', 'name': 'Peace With The Wild'}","{'url': 'https://www.peacewiththewild.co.uk/product/botanical-shampoo-bar-calendula-60g/?attribute_pa_size=full-size-60g', 'name': 'Peace With The Wild'}",70.9,60.94,51.49,75.1,100.0,0.0
PRD1676b1e2,PRDeeca5b50,"Nature Triangle Shampoo Bar,Plant-Based Solid Shampoo Bar,Green Triangle Soap,Gentle Cleansing and Nourishing Care for Women and Men (120g)","Nature Triangle Shampoo Bar, 120g Nature Seven Green Soap Shampoo, Plant-Based Solid Shampoo Bar, Gentle Cleansing, Strengthen Hair,Improve Frizziness",Nature Triangle Shampoo,Nature Triangle Shampoo,shampoo bar,120.0,g,120.0,g,9.98,7.99,GBP,GBP,20251125_201008,20251125_201033,20251125,20251125,"{'url': 'https://www.amazon.co.uk/Triangle-Shampoo-Plant-Based-Cleansing-Nourishing/dp/B0FR93BXB7?source=ps-sl-shoppingads-lpcontext&ref_=fplfs&psc=1&smid=A1FXN2T740S52A', 'name': 'Amazon.co.uk - Amazon.co.uk-Seller'}",{'name': 'Amazon.co.uk - Amazon.co.uk-Seller'},100.0,75.7,70.13,84.05,100.0,100.0
PRD1676b1e2,PRDeeca5b50,"Nature Triangle Shampoo Bar,Plant-Based Solid Shampoo Bar,Green Triangle Soap,Gentle Cleansing and Nourishing Care for Women and Men (120g)","Nature Triangle Shampoo Bar, 120g Nature Seven Green Soap Shampoo, Plant-Based Solid Shampoo Bar, Gentle Cleansing, Strengthen Hair,Improve Frizziness",Nature Triangle Shampoo,Nature Triangle Shampoo,shampoo bar,120.0,g,120.0,g,9.98,7.99,GBP,GBP,20251125_201008,20251125_201021,20251125,20251125,"{'url': 'https://www.amazon.co.uk/Triangle-Shampoo-Plant-Based-Cleansing-Nourishing/dp/B0FR93BXB7?source=ps-sl-shoppingads-lpcontext&ref_=fplfs&psc=1&smid=A1FXN2T740S52A', 'name': 'Amazon.co.uk - Amazon.co.uk-Seller'}","{'url': 'https://www.amazon.co.uk/Triangle-Plant-Based-Cleansing-Strengthen-Frizziness/dp/B0FX9MVVFS?source=ps-sl-shoppingads-lpcontext&ref_=fplfs&psc=1&smid=A2BMT7QYXJC35U', 'name': 'Amazon.co.uk - Amazon.co.uk-Seller'}",100.0,75.7,70.13,84.05,100.0,100.0
PRD21b42e35,PRD3fa6f99d,Natural Shampoo Bar - Sunny Orange 120g - Bain & Savon,Natural Shampoo Bar - Nettle & Marshmallow 120g - Bain & Savon,Natural Shampoo Bar,Natural Shampoo Bar,shampoo bar,120.0,g,120.0,g,6.0,6.0,GBP,GBP,20251125_201115,20251125_201021,20251125,20251125,"{'url': 'https://www.peacewiththewild.co.uk/product/shampoo-bar-sunny-orange-bain-savon/', 'name': 'Peace With The Wild'}","{'url': 'https://www.peacewiththewild.co.uk/product/shampoo-bar-nettle-marshmallow/', 'name': 'Peace With The Wild'}",100.0,80.9,74.6,90.36,100.0,100.0
PRD21b42e35,PRD6a9d6c61,Natural Shampoo Bar - Sunny Orange 120g - Bain & Savon,Natural Shampoo Bar - Chamomile (Light Hair) 120g - Bain & Savon,Natural Shampoo Bar,Natural Shampoo Bar,shampoo bar,120.0,g,120.0,g,6.0,6.0,GBP,GBP,20251125_201115,20251125_201021,20251125,20251125,"{'url': 'https://www.peacewiththewild.co.uk/product/shampoo-bar-sunny-orange-bain-savon/', 'name': 'Peace With The Wild'}","{'url': 'https://www.peacewiththewild.co.uk/product/shampoo-bar-chamomile-light-hair-bain-savon/', 'name': 'Peace With The Wild'}",100.0,78.6,72.42,87.88,100.0,100.0
PRD21b42e35,PRD94ffb46f,Natural Shampoo Bar - Sunny Orange 120g - Bain & Savon,Natural Shampoo Bar - 95g - Patchouli & Sandalwood - SUMA,Natural Shampoo Bar,Natural Shampoo Bar,shampoo bar,120.0,g,95.0,g,6.0,5.75,GBP,GBP,20251125_201115,20251125_201021,20251125,20251125,"{'url': 'https://www.peacewiththewild.co.uk/product/shampoo-bar-sunny-orange-bain-savon/', 'name': 'Peace With The Wild'}","{'url': 'https://www.theevolution.shop/shampoo-bar-patchouli-sandalwood-suma', 'name': 'The Evolution'}",70.1,60.15,49.59,75.99,100.0,0.0
PRD21b42e35,PRD9cb3ab5e,Natural Shampoo Bar - Sunny Orange 120g - Bain & Savon,Natural Shampoo Bar - Rosemary Dark Hair 120g - Bain & Savon,Natural Shampoo Bar,Natural Shampoo Bar,shampoo bar,120.0,g,120.0,g,6.0,6.0,GBP,GBP,20251125_201115,20251125_201008,20251125,20251125,"{'url': 'https://www.peacewiththewild.co.uk/product/shampoo-bar-sunny-orange-bain-savon/', 'name': 'Peace With The Wild'}","{'url': 'https://www.peacewiththewild.co.uk/product/shampoo-bar-rosemary-dark-hair-bain-savon/', 'name': 'Peace With The Wild'}",100.0,78.86,72.42,88.53,100.0,100.0
PRD2306a188,PRD2306a188,grüum Hår Brightening Lemon Shampoo 50g Bar,grüum Hår Brightening Lemon Shampoo 50g Bar,Hår Brightening,Hår Brightening,shampoo bar,50.0,g,50.0,g,7.65,7.65,GBP,GBP,20251125_201021,20251125_201033,20251125,20251125,"{'url': 'https://www.amazon.co.uk/gr%C3%BCum-Brightening-Shampoo-Bar-50g/dp/B0DPSYY4RS?source=ps-sl-shoppingads-lpcontext&ref_=fplfs&psc=1&smid=A10I9PKXV6CEF', 'name': 'Amazon.co.uk - Amazon.co.uk-Seller'}",{'name': 'Amazon.co.uk - Amazon.co.uk-Seller'},100.0,100.0,100.0,100.0,100.0,100.0
PRD2306a188,PRD365e27fe,grüum Hår Brightening Lemon Shampoo 50g Bar,grüum hår Nourishing Coconut Shampoo 50g Bar,Hår Brightening,Nourishing,shampoo bar,50.0,g,50.0,g,7.65,6.0,GBP,GBP,20251125_201021,20251125_200945,20251125,20251125,"{'url': 'https://www.amazon.co.uk/gr%C3%BCum-Brightening-Shampoo-Bar-50g/dp/B0DPSYY4RS?source=ps-sl-shoppingads-lpcontext&ref_=fplfs&psc=1&smid=A10I9PKXV6CEF', 'name': 'Amazon.co.uk - Amazon.co.uk-Seller'}","{'url': 'https://www.gruum.com/product/har-shampoo-bar-nourishing-50g/?srsltid=AfmBOooE6XsrUEQZ8aXOfX_JTfQQvHOwneLiW8ICcf18YuT9WVTiuZQMIx8', 'name': 'grüum'}",67.5,72.52,69.59,76.91,0.0,100.0
PRD2306a188,PRD53262589,grüum Hår Brightening Lemon Shampoo 50g Bar,grüum Hår Zero Plastic Shampoo Bar 50g,Hår Brightening,Hår Zero,shampoo bar,50.0,g,50.0,g,7.65,7.65,GBP,GBP,20251125_201021,20251125_201033,20251125,20251125,"{'url': 'https://www.amazon.co.uk/gr%C3%BCum-Brightening-Shampoo-Bar-50g/dp/B0DPSYY4RS?source=ps-sl-shoppingads-lpcontext&ref_=fplfs&psc=1&smid=A10I9PKXV6CEF', 'name': 'Amazon.co.uk - Amazon.co.uk-Seller'}",{'name': 'Amazon.co.uk - Amazon.co.uk-Seller'},69.1,74.08,73.07,75.58,0.0,100.0
PRD2306a188,PRD365e27fe,grüum Hår Brightening Lemon Shampoo 50g Bar,grüum hår Nourishing Coconut Shampoo 50g Bar,Hår Brightening,Nourishing,shampoo bar,50.0,g,50.0,g,7.65,6.0,GBP,GBP,20251125_201033,20251125_200945,20251125,20251125,{'name': 'Amazon.co.uk - Amazon.co.uk-Seller'},"{'url': 'https://www.gruum.com/product/har-shampoo-bar-nourishing-50g/?srsltid=AfmBOooE6XsrUEQZ8aXOfX_JTfQQvHOwneLiW8ICcf18YuT9WVTiuZQMIx8', 'name': 'grüum'}",67.5,72.52,69.59,76.91,0.0,100.0
PRD2306a188,PRD53262589,grüum Hår Brightening Lemon Shampoo 50g Bar,grüum Hår Zero Plastic Shampoo Bar 50g,Hår Brightening,Hår Zero,shampoo bar,50.0,g,50.0,g,7.65,7.65,GBP,GBP,20251125_201033,20251125_201033,20251125,20251125,{'name': 'Amazon.co.uk - Amazon.co.uk-Seller'},{'name': 'Amazon.co.uk - Amazon.co.uk-Seller'},69.1,74.08,73.07,75.58,0.0,100.0
PRD2624c9a5,PRD2624c9a5,Grüum Twin Pack Anti Dandruff Shampoo Bar 50g - Solid Shampoo Bars for Hair Up to 60 Washes - Plastic Free Vegan Bar for Men & Women - Paraben Free,Grüum Twin Pack Anti Dandruff Shampoo Bar 50g - Solid Shampoo Bars for Hair Up to 60 Washes - Plastic Free Vegan Bar for Men & Women - Paraben Free,Grüum Twin Pack,Grüum Twin Pack,shampoo bar,50.0,g,50.0,g,13.6,13.6,GBP,GBP,20251125_201033,20251125_201021,20251125,20251125,{'name': 'Amazon.co.uk - Amazon.co.uk-Seller'},"{'url': 'https://www.amazon.co.uk/gr%C3%BCum-Twin-Pack-Dandruff-Shampoo/dp/B0F67KLMPB?source=ps-sl-shoppingads-lpcontext&ref_=fplfs&psc=1&smid=A10I9PKXV6CEF', 'name': 'Amazon.co.uk - Amazon.co.uk-Seller'}",100.0,100.0,100.0,100.0,100.0,100.0
PRD2624c9a5,PRD7ca08e2e,Grüum Twin Pack Anti Dandruff Shampoo Bar 50g - Solid Shampoo Bars for Hair Up to 60 Washes - Plastic Free Vegan Bar for Men & Women - Paraben Free,KinKind Anti Dandruff Shampoo Bar 50g - for Flaky Scalp,Grüum Twin Pack,KinKind Anti Dandruff,shampoo bar,50.0,g,50.0,g,13.6,7.55,GBP,GBP,20251125_201033,20251125_201033,20251125,20251125,{'name': 'Amazon.co.uk - Amazon.co.uk-Seller'},{'name': 'Plastic Freedom'},69.2,64.24,55.28,77.67,0.0,100.0
PRD2624c9a5,PRDa736085a,Grüum Twin Pack Anti Dandruff Shampoo Bar 50g - Solid Shampoo Bars for Hair Up to 60 Washes - Plastic Free Vegan Bar for Men & Women - Paraben Free,grüum Twin Pack Shine Boost Shampoo Bar 50g Solid Shampoo Bars for Hair Up to 60 Washes,Grüum Twin Pack,Twin Pack,shampoo bar,50.0,g,50.0,g,13.6,13.6,GBP,GBP,20251125_201033,20251125_201033,20251125,20251125,{'name': 'Amazon.co.uk - Amazon.co.uk-Seller'},{'name': 'Amazon.co.uk - Amazon.co.uk-Seller'},72.5,77.5,79.07,75.15,0.0,100.0
PRD2624c9a5,PRDa736085a,Grüum Twin Pack Anti Dandruff Shampoo Bar 50g - Solid Shampoo Bars for Hair Up to 60 Washes - Plastic Free Vegan Bar for Men & Women - Paraben Free,grüum Twin Pack Shine Boost Shampoo Bar 50g Solid Shampoo Bars for Hair Up to 60 Washes,Grüum Twin Pack,Twin Pack,shampoo bar,50.0,g,50.0,g,13.6,13.6,GBP,GBP,20251125_201033,20251125_201021,20251125,20251125,{'name': 'Amazon.co.uk - Amazon.co.uk-Seller'},"{'url': 'https://www.amazon.co.uk/gr%C3%BCum-Twin-Shine-Boost-Shampoo/dp/B0F67JC2QQ?source=ps-sl-shoppingads-lpcontext&ref_=fplfs&psc=1&smid=A10I9PKXV6CEF', 'name': 'Amazon.co.uk - Amazon.co.uk-Seller'}",72.5,77.5,79.07,75.15,0.0,100.0
PRD2624c9a5,PRDdef8e3ea,Grüum Twin Pack Anti Dandruff Shampoo Bar 50g - Solid Shampoo Bars for Hair Up to 60 Washes - Plastic Free Vegan Bar for Men & Women - Paraben Free,grüum Hår Zero Plastic Anti-Dandruff Shampoo Bar 50g,Grüum Twin Pack,Hår Zero,shampoo bar,50.0,g,50.0,g,13.6,7.65,GBP,GBP,20251125_201033,20251125_201008,20251125,20251125,{'name': 'Amazon.co.uk - Amazon.co.uk-Seller'},"{'url': 'https://www.amazon.co.uk/gr%C3%BCum-Anti-Dandruff-Shampoo-Bar/dp/B0DTBKWXKF?source=ps-sl-shoppingads-lpcontext&ref_=fplfs&psc=1&smid=A10I9PKXV6CEF', 'name': 'Amazon.co.uk - Amazon.co.uk-Seller'}",77.4,72.41,66.62,81.08,0.0,100.0
PRD2624c9a5,PRD7ca08e2e,Grüum Twin Pack Anti Dandruff Shampoo Bar 50g - Solid Shampoo Bars for Hair Up to 60 Washes - Plastic Free Vegan Bar for Men & Women - Paraben Free,KinKind Anti Dandruff Shampoo Bar 50g - for Flaky Scalp,Grüum Twin Pack,KinKind Anti Dandruff,shampoo bar,50.0,g,50.0,g,13.6,7.55,GBP,GBP,20251125_201021,20251125_201033,20251125,20251125,"{'url': 'https://www.amazon.co.uk/gr%C3%BCum-Twin-Pack-Dandruff-Shampoo/dp/B0F67KLMPB?source=ps-sl-shoppingads-lpcontext&ref_=fplfs&psc=1&smid=A10I9PKXV6CEF', 'name': 'Amazon.co.uk - Amazon.co.uk-Seller'}",{'name': 'Plastic Freedom'},69.2,64.24,55.28,77.67,0.0,100.0
PRD2624c9a5,PRDa736085a,Grüum Twin Pack Anti Dandruff Shampoo Bar 50g - Solid Shampoo Bars for Hair Up to 60 Washes - Plastic Free Vegan Bar for Men & Women - Paraben Free,grüum Twin Pack Shine Boost Shampoo Bar 50g Solid Shampoo Bars for Hair Up to 60 Washes,Grüum Twin Pack,Twin Pack,shampoo bar,50.0,g,50.0,g,13.6,13.6,GBP,GBP,20251125_201021,20251125_201033,20251125,20251125,"{'url': 'https://www.amazon.co.uk/gr%C3%BCum-Twin-Pack-Dandruff-Shampoo/dp/B0F67KLMPB?source=ps-sl-shoppingads-lpcontext&ref_=fplfs&psc=1&smid=A10I9PKXV6CEF', 'name': 'Amazon.co.uk - Amazon.co.uk-Seller'}",{'name': 'Amazon.co.uk - Amazon.co.uk-Seller'},72.5,77.5,79.07,75.15,0.0,100.0
PRD2624c9a5,PRDa736085a,Grüum Twin Pack Anti Dandruff Shampoo Bar 50g - Solid Shampoo Bars for Hair Up to 60 Washes - Plastic Free Vegan Bar for Men & Women - Paraben Free,grüum Twin Pack Shine Boost Shampoo Bar 50g Solid Shampoo Bars for Hair Up to 60 Washes,Grüum Twin Pack,Twin Pack,shampoo bar,50.0,g,50.0,g,13.6,13.6,GBP,GBP,20251125_201021,20251125_201021,20251125,20251125,"{'url': 'https://www.amazon.co.uk/gr%C3%BCum-Twin-Pack-Dandruff-Shampoo/dp/B0F67KLMPB?source=ps-sl-shoppingads-lpcontext&ref_=fplfs&psc=1&smid=A10I9PKXV6CEF', 'name': 'Amazon.co.uk - Amazon.co.uk-Seller'}","{'url': 'https://www.amazon.co.uk/gr%C3%BCum-Twin-Shine-Boost-Shampoo/dp/B0F67JC2QQ?source=ps-sl-shoppingads-lpcontext&ref_=fplfs&psc=1&smid=A10I9PKXV6CEF', 'name': 'Amazon.co.uk - Amazon.co.uk-Seller'}",72.5,77.5,79.07,75.15,0.0,100.0
PRD2624c9a5,PRDdef8e3ea,Grüum Twin Pack Anti Dandruff Shampoo Bar 50g - Solid Shampoo Bars for Hair Up to 60 Washes - Plastic Free Vegan Bar for Men & Women - Paraben Free,grüum Hår Zero Plastic Anti-Dandruff Shampoo Bar 50g,Grüum Twin Pack,Hår Zero,shampoo bar,50.0,g,50.0,g,13.6,7.65,GBP,GBP,20251125_201021,20251125_201008,20251125,20251125,"{'url': 'https://www.amazon.co.uk/gr%C3%BCum-Twin-Pack-Dandruff-Shampoo/dp/B0F67KLMPB?source=ps-sl-shoppingads-lpcontext&ref_=fplfs&psc=1&smid=A10I9PKXV6CEF', 'name': 'Amazon.co.uk - Amazon.co.uk-Seller'}","{'url': 'https://www.amazon.co.uk/gr%C3%BCum-Anti-Dandruff-Shampoo-Bar/dp/B0DTBKWXKF?source=ps-sl-shoppingads-lpcontext&ref_=fplfs&psc=1&smid=A10I9PKXV6CEF', 'name': 'Amazon.co.uk - Amazon.co.uk-Seller'}",77.4,72.41,66.62,81.08,0.0,100.0
PRD365e27fe,PRD53262589,grüum hår Nourishing Coconut Shampoo 50g Bar,grüum Hår Zero Plastic Shampoo Bar 50g,Nourishing,Hår Zero,shampoo bar,50.0,g,50.0,g,6.0,7.65,GBP,GBP,20251125_200945,20251125_201033,20251125,20251125,"{'url': 'https://www.gruum.com/product/har-shampoo-bar-nourishing-50g/?srsltid=AfmBOooE6XsrUEQZ8aXOfX_JTfQQvHOwneLiW8ICcf18YuT9WVTiuZQMIx8', 'name': 'grüum'}",{'name': 'Amazon.co.uk - Amazon.co.uk-Seller'},70.1,75.1,73.07,78.14,0.0,100.0
PRD3fa6f99d,PRD6a9d6c61,Natural Shampoo Bar - Nettle & Marshmallow 120g - Bain & Savon,Natural Shampoo Bar - Chamomile (Light Hair) 120g - Bain & Savon,Natural Shampoo Bar,Natural Shampoo Bar,shampoo bar,120.0,g,120.0,g,6.0,6.0,GBP,GBP,20251125_201021,20251125_201021,20251125,20251125,"{'url': 'https://www.peacewiththewild.co.uk/product/shampoo-bar-nettle-marshmallow/', 'name': 'Peace With The Wild'}","{'url': 'https://www.peacewiththewild.co.uk/product/shampoo-bar-chamomile-light-hair-bain-savon/', 'name': 'Peace With The Wild'}",100.0,74.65,69.01,83.12,100.0,100.0
PRD3fa6f99d,PRD94ffb46f,Natural Shampoo Bar - Nettle & Marshmallow 120g - Bain & Savon,Natural Shampoo Bar - 95g - Patchouli & Sandalwood - SUMA,Natural Shampoo Bar,Natural Shampoo Bar,shampoo bar,120.0,g,95.0,g,6.0,5.75,GBP,GBP,20251125_201021,20251125_201021,20251125,20251125,"{'url': 'https://www.peacewiththewild.co.uk/product/shampoo-bar-nettle-marshmallow/', 'name': 'Peace With The Wild'}","{'url': 'https://www.theevolution.shop/shampoo-bar-patchouli-sandalwood-suma', 'name': 'The Evolution'}",69.0,59.01,47.28,76.61,100.0,0.0
PRD3fa6f99d,PRD9cb3ab5e,Natural Shampoo Bar - Nettle & Marshmallow 120g - Bain & Savon,Natural Shampoo Bar - Rosemary Dark Hair 120g - Bain & Savon,Natural Shampoo Bar,Natural Shampoo Bar,shampoo bar,120.0,g,120.0,g,6.0,6.0,GBP,GBP,20251125_201021,20251125_201008,20251125,20251125,"{'url': 'https://www.peacewiththewild.co.uk/product/shampoo-bar-nettle-marshmallow/', 'name': 'Peace With The Wild'}","{'url': 'https://www.peacewiththewild.co.uk/product/shampoo-bar-rosemary-dark-hair-bain-savon/', 'name': 'Peace With The Wild'}",100.0,74.99,69.01,83.97,100.0,100.0
PRD3fa6f99d,PRDaf1a55cd,Natural Shampoo Bar - Nettle & Marshmallow 120g - Bain & Savon,Vegan Shampoo Bar - Nettle & Seaweed 120g - Bain & Savon,Natural Shampoo Bar,Vegan Shampoo Bar,shampoo bar,120.0,g,120.0,g,6.0,6.0,GBP,GBP,20251125_201021,20251125_201008,20251125,20251125,"{'url': 'https://www.peacewiththewild.co.uk/product/shampoo-bar-nettle-marshmallow/', 'name': 'Peace With The Wild'}","{'url': 'https://www.peacewiththewild.co.uk/product/shampoo-bar-nettle-seaweed/', 'name': 'Peace With The Wild'}",71.3,76.33,73.76,80.2,0.0,100.0
PRD53262589,PRDdef8e3ea,grüum Hår Zero Plastic Shampoo Bar 50g,grüum Hår Zero Plastic Anti-Dandruff Shampoo Bar 50g,Hår Zero,Hår Zero,shampoo bar,50.0,g,50.0,g,7.65,7.65,GBP,GBP,20251125_201033,20251125_201008,20251125,20251125,{'name': 'Amazon.co.uk - Amazon.co.uk-Seller'},"{'url': 'https://www.amazon.co.uk/gr%C3%BCum-Anti-Dandruff-Shampoo-Bar/dp/B0DTBKWXKF?source=ps-sl-shoppingads-lpcontext&ref_=fplfs&psc=1&smid=A10I9PKXV6CEF', 'name': 'Amazon.co.uk - Amazon.co.uk-Seller'}",100.0,90.63,92.73,87.49,100.0,100.0
PRD6a9d6c61,PRD94ffb46f,Natural Shampoo Bar - Chamomile (Light Hair) 120g - Bain & Savon,Natural Shampoo Bar - 95g - Patchouli & Sandalwood - SUMA,Natural Shampoo Bar,Natural Shampoo Bar,shampoo bar,120.0,g,95.0,g,6.0,5.75,GBP,GBP,20251125_201021,20251125_201021,20251125,20251125,"{'url': 'https://www.peacewiththewild.co.uk/product/shampoo-bar-chamomile-light-hair-bain-savon/', 'name': 'Peace With The Wild'}","{'url': 'https://www.theevolution.shop/shampoo-bar-patchouli-sandalwood-suma', 'name': 'The Evolution'}",67.2,57.24,46.95,72.69,100.0,0.0
PRD6a9d6c61,PRD9cb3ab5e,Natural Shampoo Bar - Chamomile (Light Hair) 120g - Bain & Savon,Natural Shampoo Bar - Rosemary Dark Hair 120g - Bain & Savon,Natural Shampoo Bar,Natural Shampoo Bar,shampoo bar,120.0,g,120.0,g,6.0,6.0,GBP,GBP,20251125_201021,20251125_201008,20251125,20251125,"{'url': 'https://www.peacewiththewild.co.uk/product/shampoo-bar-chamomile-light-hair-bain-savon/', 'name': 'Peace With The Wild'}","{'url': 'https://www.peacewiththewild.co.uk/product/shampoo-bar-rosemary-dark-hair-bain-savon/', 'name': 'Peace With The Wild'}",100.0,81.52,76.52,89.03,100.0,100.0
PRD7ca08e2e,PRDdef8e3ea,KinKind Anti Dandruff Shampoo Bar 50g - for Flaky Scalp,grüum Hår Zero Plastic Anti-Dandruff Shampoo Bar 50g,KinKind Anti Dandruff,Hår Zero,shampoo bar,50.0,g,50.0,g,7.55,7.65,GBP,GBP,20251125_201033,20251125_201008,20251125,20251125,{'name': 'Plastic Freedom'},"{'url': 'https://www.amazon.co.uk/gr%C3%BCum-Anti-Dandruff-Shampoo-Bar/dp/B0DTBKWXKF?source=ps-sl-shoppingads-lpcontext&ref_=fplfs&psc=1&smid=A10I9PKXV6CEF', 'name': 'Amazon.co.uk - Amazon.co.uk-Seller'}",69.9,64.93,56.3,77.88,0.0,100.0
PRD7dba9ebd,PRDd2cd0162,Botanical Shampoo Bar – Sea Salt & Wood Sage - Full Size 60g,Botanical Shampoo Bar - Fresh Thyme & Cedar - Full Size 60g,Botanical Shampoo Bar,Botanical Shampoo Bar,shampoo bar,60.0,g,60.0,g,7.0,7.0,GBP,GBP,20251125_200953,20251125_201008,20251125,20251125,{'name': 'Peace With The Wild'},"{'url': 'https://www.peacewiththewild.co.uk/product/botanical-shampoo-bar-fresh-thyme-cedar-60g/?attribute_pa_size=full-size-60g', 'name': 'Peace With The Wild'}",100.0,71.25,66.19,78.85,100.0,100.0
PRD7dba9ebd,PRDd95ee039,Botanical Shampoo Bar – Sea Salt & Wood Sage - Full Size 60g,Botanical Juniper & Cedarwood Shampoo Bar - Full Size 60g,Botanical Shampoo Bar,Botanical Juniper,shampoo bar,60.0,g,60.0,g,7.0,7.0,GBP,GBP,20251125_200953,20251125_201008,20251125,20251125,{'name': 'Peace With The Wild'},"{'url': 'https://www.peacewiththewild.co.uk/product/juniper-cedarwood-shampoo-bar-60g/?attribute_pa_size=full-size-60g', 'name': 'Peace With The Wild'}",67.2,72.16,67.73,78.8,0.0,100.0
PRD88e2aefb,PRDaf1a55cd,Vegan Shampoo Bar - Babassu & Lime 120g - Bain & Savon,Vegan Shampoo Bar - Nettle & Seaweed 120g - Bain & Savon,Vegan Shampoo Bar,Vegan Shampoo Bar,shampoo bar,120.0,g,120.0,g,6.0,6.0,GBP,GBP,20251125_201115,20251125_201008,20251125,20251125,"{'url': 'https://www.peacewiththewild.co.uk/product/shampoo-bar-babassu-lime/', 'name': 'Peace With The Wild'}","{'url': 'https://www.peacewiththewild.co.uk/product/shampoo-bar-nettle-seaweed/', 'name': 'Peace With The Wild'}",100.0,77.35,74.13,82.19,100.0,100.0
PRD94ffb46f,PRD9cb3ab5e,Natural Shampoo Bar - 95g - Patchouli & Sandalwood - SUMA,Natural Shampoo Bar - Rosemary Dark Hair 120g - Bain & Savon,Natural Shampoo Bar,Natural Shampoo Bar,shampoo bar,95.0,g,120.0,g,5.75,6.0,GBP,GBP,20251125_201021,20251125_201008,20251125,20251125,"{'url': 'https://www.theevolution.shop/shampoo-bar-patchouli-sandalwood-suma', 'name': 'The Evolution'}","{'url': 'https://www.peacewiththewild.co.uk/product/shampoo-bar-rosemary-dark-hair-bain-savon/', 'name': 'Peace With The Wild'}",66.6,56.57,45.35,73.4,100.0,0.0
PRDa2e8973d,PRDf1291724,Shampoo Bar - Lime & Coconut - All Hair Types - Full Size 60g,Shampoo Bar – Calendula – Fine Hair - Full Size 60g,Shampoo Bar,Shampoo Bar,shampoo bar,60.0,g,60.0,g,7.0,7.0,GBP,GBP,20251125_201008,20251125_201008,20251125,20251125,"{'url': 'https://www.peacewiththewild.co.uk/product/botanical-shampoo-bar-lime-coconut-60g/?attribute_pa_size=full-size-60g', 'name': 'Peace With The Wild'}","{'url': 'https://www.peacewiththewild.co.uk/product/botanical-shampoo-bar-calendula-60g/?attribute_pa_size=full-size-60g', 'name': 'Peace With The Wild'}",100.0,71.59,68.0,76.98,100.0,100.0
PRDa736085a,PRDa736085a,grüum Twin Pack Shine Boost Shampoo Bar 50g Solid Shampoo Bars for Hair Up to 60 Washes,grüum Twin Pack Shine Boost Shampoo Bar 50g Solid Shampoo Bars for Hair Up to 60 Washes,Twin Pack,Twin Pack,shampoo bar,50.0,g,50.0,g,13.6,13.6,GBP,GBP,20251125_201033,20251125_201021,20251125,20251125,{'name': 'Amazon.co.uk - Amazon.co.uk-Seller'},"{'url': 'https://www.amazon.co.uk/gr%C3%BCum-Twin-Shine-Boost-Shampoo/dp/B0F67JC2QQ?source=ps-sl-shoppingads-lpcontext&ref_=fplfs&psc=1&smid=A10I9PKXV6CEF', 'name': 'Amazon.co.uk - Amazon.co.uk-Seller'}",100.0,100.0,100.0,100.0,100.0,100.0
PRDba497fd3,PRDd24b3478,2 x Friendly Soap Natural Shampoo Bar Lavender and Tea Tree 95g,Friendly Soap Peppermint & Eucalyptus Shampoo Bar 95g,Friendly Soap,Friendly Soap,shampoo bar,95.0,g,95.0,g,10.37,2.95,GBP,GBP,20251125_201103,20251125_201103,20251125,20251125,{'name': 'Amazon.co.uk - Amazon.co.uk-Seller'},{'name': 'Eco Skincare'},100.0,66.56,57.79,79.71,100.0,100.0
PRDd2cd0162,PRDd95ee039,Botanical Shampoo Bar - Fresh Thyme & Cedar - Full Size 60g,Botanical Juniper & Cedarwood Shampoo Bar - Full Size 60g,Botanical Shampoo Bar,Botanical Juniper,shampoo bar,60.0,g,60.0,g,7.0,7.0,GBP,GBP,20251125_201008,20251125_201008,20251125,20251125,"{'url': 'https://www.peacewiththewild.co.uk/product/botanical-shampoo-bar-fresh-thyme-cedar-60g/?attribute_pa_size=full-size-60g', 'name': 'Peace With The Wild'}","{'url': 'https://www.peacewiththewild.co.uk/product/juniper-cedarwood-shampoo-bar-60g/?attribute_pa_size=full-size-60g', 'name': 'Peace With The Wild'}",71.9,76.86,70.5,86.4,0.0,100.0
PRDeeca5b50,PRDeeca5b50,"Nature Triangle Shampoo Bar, 120g Nature Seven Green Soap Shampoo, Plant-Based Solid Shampoo Bar, Gentle Cleansing, Strengthen Hair,Improve Frizziness","Nature Triangle Shampoo Bar, 120g Nature Seven Green Soap Shampoo, Plant-Based Solid Shampoo Bar, Gentle Cleansing, Strengthen Hair,Improve Frizziness",Nature Triangle Shampoo,Nature Triangle Shampoo,shampoo bar,120.0,g,120.0,g,7.99,7.99,GBP,GBP,20251125_201033,20251125_201021,20251125,20251125,{'name': 'Amazon.co.uk - Amazon.co.uk-Seller'},"{'url': 'https://www.amazon.co.uk/Triangle-Plant-Based-Cleansing-Strengthen-Frizziness/dp/B0FX9MVVFS?source=ps-sl-shoppingads-lpcontext&ref_=fplfs&psc=1&smid=A2BMT7QYXJC35U', 'name': 'Amazon.co.uk - Amazon.co.uk-Seller'}",100.0,100.0,100.0,100.0,100.0,100.0
