product_1_id,product_2_id,product_1_name,product_2_name,brand_1,brand_2,category,size_value_1,size_unit_1,size_value_2,size_unit_2,price_1,price_2,currency_1,currency_2,retailer_1,retailer_2,similarity,name_similarity,brand_similarity,size_similarity,valid_match
PRD015fedbc,PRD9c4343cd,The Ordinary Matrixyl 10% + HA,The Ordinary Multi-Peptide + HA Serum,The Ordinary,The Ordinary,Face Serum,,,,,10.4,21.56,GBP,GBP,Boots.com,The Ordinary,77.9,57.86,100.0,50.0,True
PRD01f73956,PRDf2b13eb3,I Love Wellness Sleep Body Butter,I Love Coconut & Cream Body Butter,I Love,I Love,Body Butter,,,,,9.99,2.49,GBP,GBP,Amazon.co.uk - Amazon.co.uk-Seller,Wilko,83.2,63.2,100.0,50.0,True
PRD033d0941,PRDeb8c5891,KinKind Shampoo Bar Set,KinKind Shampoo & Bodywash Bars Set,KinKind Shampoo,KinKind Shampoo,Shampoo Bar,,,,,25.5,9.95,GBP,GBP,Amazon.co.uk - Amazon.co.uk-Seller,KinKind,94.3,74.29,100.0,50.0,True
PRD03dcabb3,PRD2c4133ca,Nourishing Conditioner Bar,alott - nourishing conditioner bar,Nourishing Conditioner,,Conditioner Bar,,,,,7.0,16.0,GBP,GBP,Marigold Charms,Jjungl,90.0,90.0,50.0,50.0,True
PRD0590e833,PRDbc45741b,Davines Love Shampoo Bar,Davines DEDE Shampoo Bar,Davines,Davines,Shampoo Bar,,,,,18.5,18.5,GBP,GBP,Cult Beauty,North Laine Hair Company,97.0,77.02,100.0,50.0,True
PRD059c4d75,PRD1c771653,Aromatic Body Butter Vanilla,skinnydip london Supermarket Vanilla Body Butter,Aromatic Body,,Body Butter,,,200.0,g,22.98,8.0,GBP,GBP,israel catalog,Skinnydip,75.7,65.65,50.0,50.0,True
PRD05a78c1c,PRDc9b3c65a,(bulkx6) Anihana Conditioner Bar Manuka Honey & Vanilla -all Hair,Anihana Conditioner Bar Lavender & Lemon,,Anihana Conditioner,Conditioner Bar,60.0,g,60.0,g,114.93,6.0,GBP,GBP,eBay,HealthPost.co.nz,76.2,56.15,50.0,100.0,True
PRD05f3959d,PRD8dad10bb,Geek & Gorgeous 101 HA 5 Rich Serum,Geek & Gorgeous 101 HA 5 Light Serum,Geek,Geek,Face Serum,,,5.0,l,8.99,8.99,GBP,GBP,Superdrug.com,Superdrug.com,100.0,85.52,100.0,50.0,True
PRD073ac21d,PRD3d2887a7,Eco Warrior Sensitive Scalp Shampoo Bar,Eco Warrior Blue Shampoo Bar,Eco Warrior,Eco Warrior,Shampoo Bar,,,,,4.35,6.5,GBP,GBP,Waitrose & Partners,Justmylook,97.0,76.97,100.0,50.0,True
PRD07b14a1b,PRD8ddeb742,Palmer's Cocoa Butter Formula Body Lotion,Palmer's Cocoa Butter Formula Lotion,Palmer's Cocoa,Palmer's Cocoa,Body Butter,,,,,6.0,4.49,GBP,GBP,Tesco,Boots.com,100.0,94.29,100.0,50.0,True
PRD09cc226c,PRDe4894e60,ecoLiving Shampoo Bar - Soap Free,ecoLiving Shampoo bar Fragrance Free /,,,Shampoo Bar,,,25.0,g,2.0,2.8,GBP,GBP,Ecoliving,Eco Bee,81.4,81.4,50.0,50.0,True
PRD09d04044,PRD6f3fe59b,Bronnley Eclectic Elements Body Butter,Bronnley Eclectic Elements Zealous Flower Body Butter,Bronnley Eclectic,Bronnley Eclectic,Body Butter,200.0,ml,200.0,ml,13.36,13.36,GBP,GBP,eBay,eBay,100.0,88.57,100.0,100.0,True
PRD0ab70cfb,PRD0f733f9f,Arista Anti-Dandruff Shampoo Bar,Arista Shampoo Bar Anti-dandruff,Arista Anti-Dandruff,Arista Shampoo,Shampoo Bar,,,80.0,g,6.75,6.89,GBP,GBP,Dolphin Fitness,Fairhaven Wholefoods,85.0,100.0,0.0,50.0,True
PRD0ac1e5bb,PRD3e158b60,Tree Hut Whipped Body Butter Vanilla,Tree Hut Whipped Body Butter,Tree Hut,Tree Hut,Body Butter,,,,,11.99,15.99,GBP,GBP,Boots.com,Holland & Barrett,100.0,93.33,100.0,50.0,True
PRD0ae0b659,PRD73e83d02,Dr Rashel Face Serum,"DR RASHEL Vitamin C Face Serum, Brightening & Anti-aging Facial Serum, Vitamin C Serum for Face with Hyaluronic Acid, Organic Vitamin C Serum for Face",Dr Rashel,DR RASHEL,Face Serum,,,,,3.5,7.49,GBP,GBP,eBay,Amazon.co.uk - Amazon.co.uk-Seller,90.7,70.67,100.0,50.0,True
PRD0d372918,PRD223495c4,"Nature Triangle Shampoo Bar, Nature Seven Green Soap Shampoo, Natural Usman Grass Solid Shampoo Bar, Calming & Strengthens Hair for Women and Men 1pc","Nature Triangle Shampoo Bar, Nature Seven Green Soap Shampoo, Usman Grass ShampooBar, Natural Plant Ingredients, Calming & Strengthens Hair for Women",Nature Triangle,Nature Triangle,Shampoo Bar,,,,,11.88,9.99,GBP,GBP,fruugo.co.uk,Amazon.co.uk - Amazon.co.uk-Seller,100.0,82.27,100.0,50.0,True
PRD0e1b0d18,PRDe76a14df,Unscented Conditioner Solid Bar,Unscented Conditioner Bars,Unscented Conditioner,Unscented Conditioner,Conditioner Bar,,,,,4.0,10.0,GBP,GBP,Megan and Willow,Pentland Aromatics,90.7,70.74,100.0,50.0,True
PRD0f0d0418,PRD67261e04,Kitsch Shampoo Bar Rice Water Protein,Kitsch Biotin Purple Toning Shampoo Bar,Kitsch,Kitsch,Shampoo Bar,,,,,8.39,11.0,GBP,GBP,Amazon.co.uk - Amazon.co.uk-Seller,Kitsch,77.5,57.54,100.0,50.0,True
PRD0f733f9f,PRDfa3f214e,Arista Shampoo Bar Anti-dandruff,Handmade Anti-dandruff Shampoo Bar For Hair Growth Care Soap,Arista Shampoo,Handmade Anti-dandruff,Shampoo Bar,80.0,g,80.0,g,6.89,18.67,GBP,GBP,Fairhaven Wholefoods,eBay - mount0851,72.2,67.18,0.0,100.0,True
PRD1013f8e3,PRDe522a9dd,La Roche Posay Hyalu B5 Hyaluronic Acid Serum,La Roche Posay Cicaplast B5 Serum,La Roche,La Roche,Face Serum,,,,,35.98,40.0,GBP,GBP,Superdrug.com,Boots.com,91.5,71.51,100.0,50.0,True
PRD13bb90a1,PRDf1dd78e3,Garnier Brightening Serum,Garnier Vitamin C Brightening and Anti Dark Spot Serum Duo,Garnier,Garnier,Face Serum,,,,,9.33,19.49,GBP,GBP,Boots.com,LOOKFANTASTIC,92.0,72.0,100.0,50.0,True
PRD13d1af7c,PRD88f67225,Organic Shop Nurturing Body Cream Blueberry&Blackberry,Organic Shop Nurturing Body Cream Blueberry & Blackberry,Organic Shop,Organic Shop,Body Butter,,,250.0,ml,2.25,2.25,GBP,GBP,Superdrug.com,Superdrug.com,100.0,100.0,100.0,50.0,True
PRD1558042d,PRD49a2a30e,"Solid Shampoo Bar & Conditioner Bar Set For Curly, Wavy, Coily And","Solid Shampoo For Curly Hair, 80",Solid Shampoo,Solid Shampoo,Shampoo Bar,,,,,12.47,28.41,GBP,GBP,eBay,eBay - onebioshopcom,94.4,64.44,100.0,50.0,True
PRD164e18d5,PRDe35a5fb3,ethique Clarifying Shampoo Bar for Oily Hair & Scalp 10 Uses,ethique Smoothing Shampoo Bar for Frizzy Hair 10 Uses,,,Shampoo Bar,,,,,3.0,3.0,GBP,GBP,Ethique GB,Ethique GB,71.9,71.87,50.0,50.0,True
PRD16ccacb6,PRD736548b6,"20% Vitamin C Serum, Korean Serum with Hyaluronic Acid, Anti Aging Face Serums For Wrinkles & Fine Lines, Moisturizing Dark Spot Remover for Face","20% Vitamin C Serum, Korean Skin Care Serum with Hyaluronic Acid, Anti-aging Face Serum for Dry and Dull Skin, Reduce Wrinkles & Fine Lines, Fast",,,Face Serum,,,,,7.99,7.19,GBP,GBP,Amazon.co.uk - Amazon.co.uk-Seller,Amazon.co.uk - Amazon.co.uk-Seller,82.1,72.08,50.0,50.0,True
PRD17d42fdf,PRD3d2887a7,Eco Warrior Nourishing Shampoo Bar,Eco Warrior Blue Shampoo Bar,Eco Warrior,Eco Warrior,Shampoo Bar,,,,,5.5,6.5,GBP,GBP,Tesco,Justmylook,100.0,80.78,100.0,50.0,True
PRD1800de9b,PRDb61b0db5,Mint & Tea Tree Shampoo Bar,Tea Tree & Mint Shampoo Bar,Mint,Tea Tree,Shampoo Bar,,,,,8.5,4.75,GBP,GBP,Bare Bar,Alphy & Becs,75.0,100.0,0.0,50.0,True
PRD1854213e,PRDdb039b35,"Nature Triangle Shampoo Bar,Control Oil & Strengthen Hair,Natural Shampoo Bar for Women & Men,2 in 1 Shampoo & Conditioner,Travel Shampoo,Cleansing","Nature Triangle Shampoo Bar, Nature Green Triangle Solide Shampoo Soap, Cleansing Nourishing Hair Strengthens Hair, for Women And Men ()",Nature Triangle,Nature Triangle,Shampoo Bar,,,2.0,pcs,9.99,9.99,GBP,GBP,Amazon.co.uk - Amazon.co.uk-Seller,Amazon.co.uk - Amazon.co.uk-Seller,80.4,60.42,100.0,50.0,True
PRD194963fe,PRDbdaf38ab,grüum Hår Brightening Lemon Shampoo Bar,grüum Hår Zero Plastic Shampoo Bar,,,Shampoo Bar,50.0,g,50.0,g,9.0,9.0,GBP,GBP,grüum,Amazon.co.uk - Amazon.co.uk-Seller,89.8,69.82,50.0,100.0,True
PRD1a37a082,PRDc32dd309,The Ordinary Marine Hyaluronics,The Ordinary Hyaluronic Acid 2% + B5,The Ordinary,The Ordinary,Face Serum,,,,,8.8,8.8,GBP,GBP,John Lewis & Partners,Boots.com,83.1,53.12,100.0,50.0,True
PRD1a3b4dcc,PRD9ad672c9,"Rosemary Shampoo Bar, Shampoo Bar with Rosemary & Coconut Oil, Nourish & Moisturize Hair, Solid Soap Easy for Travel",Rosemary Shampoo Bar,Rosemary Shampoo,Rosemary Shampoo,Shampoo Bar,,,,,9.59,2.95,GBP,GBP,fruugo.co.uk,fruugo.co.uk,88.6,68.57,100.0,50.0,True
PRD1a5b224c,PRD839de7e8,Lavender & Rosemary Shampoo Bar,Lavender & Tea Tree Shampoo Bar,Lavender,Lavender,Shampoo Bar,,,,,4.75,3.25,GBP,GBP,Alphy & Becs,Hell Yeah,89.7,69.66,100.0,50.0,True
PRD1c1228d1,PRD531eecf5,KinKind Give Me More Deep Conditioner Bar,KinKind Give Me Strength Conditioner Bar,KinKind Give,KinKind Give,Conditioner Bar,,,,,8.95,7.5,GBP,GBP,Amazon.co.uk - Amazon.co.uk-Seller,Amazon.co.uk - Amazon.co.uk-Seller,97.4,77.39,100.0,50.0,True
PRD1c771653,PRDe51784bf,skinnydip london Supermarket Vanilla Body Butter,Cocoa & Vanilla Body Butter,,Cocoa,Body Butter,200.0,g,,,8.0,15.99,GBP,GBP,Skinnydip,Amazon.co.uk - Amazon.co.uk-Seller,79.0,68.96,50.0,50.0,True
PRD1d5c7de4,PRDf97f8370,Beauty of Joseon Glow Deep Serum,Beauty of Joseon Light On Serum,Beauty,Beauty,Face Serum,,,,,12.75,14.39,GBP,GBP,Boots.com,Superdrug.com,89.8,69.81,100.0,50.0,True
PRD1e2d2b20,PRD30a3b49a,Soap & Glory Call of Fruity Body Butter,Soap & Glory MAGNIFI-COCO Body Butter,Soap,Soap,Body Butter,,,,,7.49,7.49,GBP,GBP,Boots.com,Boots.com,84.1,64.09,100.0,50.0,True
PRD1e850c4f,PRDc2643e4f,Faith in Nature Coconut & Shea Butter Shampoo Bar,Faith in Nature Shea & Argan Shampoo Bar,Faith in Nature,Faith in Nature,Shampoo Bar,,,,,7.0,5.25,GBP,GBP,Holland & Barrett,Natural Collection,100.0,81.52,100.0,50.0,True
PRD1f1a3333,PRD4ebccb85,Triangle Shampoo Bar,Natural Triangle Usman Grass Shampoo Bar,Triangle Shampoo,,Shampoo Bar,,,2.0,pcs,7.56,6.89,GBP,GBP,fruugo.co.uk,Amazon.co.uk - Amazon.co.uk-Seller,80.0,80.0,50.0,50.0,True
PRD1f1b0352,PRD5c42e109,"Coconut Conditioner Bar - Rich Nourishing & Volumizing - Hair Moisturizing & Strengthening Solid Soap Bar, Plastic-Free, Silicone & Sulfate Free",Coconut Conditioner Bar,Coconut Conditioner,Coconut Conditioner,Conditioner Bar,,,,,18.55,3.0,GBP,GBP,Snapklik.com,Independent Design Collective,88.0,68.0,100.0,50.0,True
PRD201ab1cd,PRD85157107,grüum Twin Pack Volumising Shampoo Bar Solid Shampoo Bars for Hair Up to 60 Washes,Grüum Twin Pack Nourishing Shampoo Bar - Solid Shampoo Bars for Hair Up to 60 Washes - Plastic Free Vegan Bar for Men & Women - Paraben Free Rich,,Grüum Twin,Shampoo Bar,50.0,g,50.0,g,16.0,15.0,GBP,GBP,Amazon.co.uk - Amazon.co.uk-Seller,Amazon.co.uk - Amazon.co.uk-Seller,99.5,79.53,50.0,100.0,True
PRD20a91ac1,PRDce3bdf79,Notice Hair Co. Stimulator Conditioner Bar,Notice Hair Co. Detoxifier Conditioner Bar,Notice Hair,Notice Hair,Conditioner Bar,,,,,9.85,9.85,GBP,GBP,Cheeks Ahoy,Cheeks Ahoy,99.3,79.28,100.0,50.0,True
PRD214bc95b,PRD6572e1b1,Friendly Soap Lavender & Geranium Shampoo Bar,Friendly Soap - Lavender & Tea Tree Shampoo Bar - Eco Friendly,Friendly Soap,Friendly Soap,Shampoo Bar,,,,,3.25,2.95,GBP,GBP,Hell Yeah,Indespoke,95.2,75.21,100.0,50.0,True
PRD223495c4,PRDdd85df46,"Nature Triangle Shampoo Bar, Nature Seven Green Soap Shampoo, Usman Grass ShampooBar, Natural Plant Ingredients, Calming & Strengthens Hair for Women","Nature Triangle Shampoo Bar, Nature Seven Green Soap shampoo, Seven Green Shampoo bar, Usman Grass Shampoo Bar, Polygonum Shampoo Soap, Calming &",Nature Triangle,Nature Triangle,Shampoo Bar,,,,,9.99,6.99,GBP,GBP,Amazon.co.uk - Amazon.co.uk-Seller,Amazon.co.uk - Amazon.co.uk-Seller,96.7,76.7,100.0,50.0,True
PRD22ae5503,PRDd8cac166,Superfly Soap Solid Hair Conditioner Bar,Superfly Soap Hair Conditioner Bar,Superfly Soap,Superfly Soap,Conditioner Bar,,,,,8.3,8.3,GBP,GBP,Amazon.co.uk - Amazon.co.uk-Seller,Amazon.co.uk - Amazon.co.uk-Seller,100.0,93.33,100.0,50.0,True
PRD23f263da,PRDca5f4122,Natural Hair Conditioning Bar – Bergamot,Natural Hair Conditioning Bar – Lavender,Natural Hair,Natural Hair,Conditioner Bar,,,,,4.99,4.99,GBP,GBP,Handmade Fever,Handmade Fever,98.6,78.61,100.0,50.0,True
PRD23f40b89,PRD24781688,Kitsch Castor Oil Nourishing Conditioner Bar,Kitsch Coconut Oil Deep Moisturizing Conditioner Bar,Kitsch,Kitsch,Conditioner Bar,,,,,12.0,11.0,GBP,GBP,Next,Kitsch,84.0,64.03,100.0,50.0,True
PRD24781688,PRDf57f1fc4,Kitsch Coconut Oil Deep Moisturizing Conditioner Bar,Kitsch Strengthening Hair Conditioner Bar with Rice Water Protein | Made in US | Eco-Friendly Cleansing and Moisturizing,Kitsch,Kitsch,Conditioner Bar,,,,,11.0,21.01,GBP,GBP,Kitsch,OnBuy.com,76.3,56.28,100.0,50.0,True
PRD24f16863,PRD8e54123b,Friendly Soap Conditioner Bar Peppermint & Eucalyptus,Conditioner Bar - - Peppermint & Eucalyptus | Friendly Soap,Friendly Soap,Friendly Soap,Conditioner Bar,,,12.0,pack,8.99,91.7,GBP,GBP,REGN,Friendly Soap,100.0,100.0,100.0,50.0,True
PRD253e76e4,PRD9d164e19,The Soap Mine Solid Conditioner Bar - Lavender & Orange,The Soap Mine Solid Conditioner Bar,The Soap,The Soap,Conditioner Bar,,,,,5.85,6.5,GBP,GBP,Babi Pur,Eco Bee,100.0,90.0,100.0,50.0,True
PRD262fb52b,PRDd65f77fd,Beautypie Niacinamide Serum,Niacinamide Serum,Beautypie Niacinamide,Niacinamide Serum,Face Serum,,,30.0,ml,25.0,10.0,GBP,GBP,Beauty Pie,tangerins.com,71.7,86.67,0.0,50.0,True
PRD272cfb82,PRDa1005f77,Lemon Solid Conditioner Bar,Lemon Solid Conditioner - Hair & Bee Solid Conditioner Bar Conditioner bar in tin,Lemon Solid,Lemon Solid,Conditioner Bar,,,,,8.0,6.99,GBP,GBP,The Pampered Blue Bee,Bee Haven Bodycare & Gifts,100.0,80.0,100.0,50.0,True
PRD28257c33,PRD392d044d,Friendly Soap Conditioner Bar - Lavender & Tea Tree,Friendly Soap Lavender Tea Tree Conditioner Bar,Friendly Soap,Friendly Soap,Conditioner Bar,90.0,g,,,33.22,9.62,GBP,GBP,eBay - gudz_uk,Amazon.co.uk - Amazon.co.uk-Seller,100.0,100.0,100.0,50.0,True
PRD2c4133ca,PRDca4b0565,alott - nourishing conditioner bar,alott - nourishing conditioner bar | Glow Organic,,,Conditioner Bar,,,,,16.0,16.0,GBP,GBP,Jjungl,Glow Organic,86.7,86.67,50.0,50.0,True
PRD2cda1d48,PRD66686faf,Earth Rhythm Shikakai Shampoo Bar Sulphate & Paraben Free 80gm,Earth Rhythm Anti Dandruff Shampoo Bar,Earth Rhythm,Earth Rhythm,Shampoo Bar,80.0,g,,,35.63,24.56,GBP,GBP,eBay - sai-international,eBay - rbinternational,81.0,61.0,100.0,50.0,True
PRD2d08c996,PRD32fe73d4,"Pro-Aging Super Serum,2024 New Purple Pro Aging Super Serum,Hyaluronic Acid and Collagen Face Serum,Collagen Peptide Anti Wrinkle Serum,Pro Anti-Aging",5 In 1 Hyaluronic Acid Face Serum (),Pro-Aging Super,,Face Serum,,,2.0,pcs,17.52,3.5,GBP,GBP,Amazon.co.uk - Amazon.co.uk-Seller,Amazon.co.uk - Amazon.co.uk-Seller,71.8,61.77,50.0,50.0,True
PRD2d71f7bb,PRD9f09222c,"Nature Triangle Shampoo Bar, Deep Cleaning Shampoo Bar for Traveling, Cepress Orientalis Platycladus Her-bal Hair Strengthening Soap, Strengthens",Nature Triangle Usman Grass Shampoo Bar,Nature Triangle,Nature Triangle,Shampoo Bar,,,,,7.79,9.97,GBP,GBP,Amazon.co.uk - Amazon.co.uk-Seller,Amazon.co.uk - Amazon.co.uk-Seller,77.5,57.51,100.0,50.0,True
PRD2da155c7,PRDf2daad50,"Nature Usman's Thuja Leaf Shampoo Bar, Nature Triangle Shampoo Bar, Green Soap Triangle Bar, Calming & Strengthens for Women And Men Haircare Products","2025 Nature Triangle Shampoo Bar, Nature Seven Green Soap Shampoo, Natural Usman Grass Shampoo Bar, Calming & Strengthens Hair for Women and Men",Nature Usman's,,Shampoo Bar,,,1.0,pcs,13.99,6.89,GBP,GBP,Amazon.co.uk - Amazon.co.uk-Seller,fruugo.co.uk,73.3,73.33,50.0,50.0,True
PRD30a3b49a,PRD47ea1152,Soap & Glory MAGNIFI-COCO Body Butter,Soap & Glory Berry & Bright Body Butter,Soap,Soap,Body Butter,,,200.0,ml,7.49,6.0,GBP,GBP,Boots.com,Boots.com,86.3,66.32,100.0,50.0,True
PRD30aa3e75,PRDaabefebb,NATURE WELL Shea Body Butter Variety Pack Includes Grapefruit,Nature Well Shea Body Butter Variety Pack,NATURE WELL,Nature Well,Body Butter,,,,,26.7,26.7,GBP,GBP,eBay - checkmystores,eBay - checkmystores,100.0,91.11,100.0,50.0,True
PRD30f1d99b,PRDab6f59b8,Palmer's Cocoa Butter Formula Tummy Butter For Stretch Marks,Palmer's Cocoa Butter Formula,Palmer's Cocoa,Palmer's Cocoa,Body Butter,,,,,6.99,4.3,GBP,GBP,spotofglam.co.uk,Tesco,100.0,82.22,100.0,50.0,True
PRD32fe73d4,PRD5f97ad56,5 In 1 Hyaluronic Acid Face Serum (),Turmeric Face Serum - Dark Spot Remover For Face- Serum Face For Healthy And Plump Skin - Hyaluronic Acid Serum For Soothing & Hydrating - Face Serum,,Turmeric Face,Face Serum,2.0,pcs,,,3.5,5.99,GBP,GBP,Amazon.co.uk - Amazon.co.uk-Seller,Amazon.co.uk - Amazon.co.uk-Seller,71.8,61.77,50.0,50.0,True
PRD337887dc,PRDa007b882,Mango Butter Refined / Resealable Pouch,Mango Butter Refined,Mango Butter,Mango Butter,Body Butter,25.0,g,,,3.19,12.99,GBP,GBP,TheSoapery,Naissance UK,100.0,84.0,100.0,50.0,True
PRD383ec9db,PRDa31876c5,"Hair Shampoo Bar, Anti Hair Loss Soap,anti-hair Loss Rice Shampoo Bar,solid Shampoo, Organic Herbal Solid Soap Hair, Hair Loss Anti Dandruff,shampoo B",Hair Shampoo Bar Soap Organic Ecofriendly Anti Dandruff For Growth,Hair Shampoo,Hair Shampoo,Shampoo Bar,,,85.0,g,11.99,6.36,GBP,GBP,fruugo.co.uk,eBay - sitedv88,96.0,66.01,100.0,50.0,True
PRD3873f52e,PRDe86336bb,Garnier Ultimate Blends Shampoo Bar Ginger Recovery,Garnier Ultimate Blends Coconut Hydrating Shampoo Bar with Aloe Vera for Normal Hair,Garnier,Garnier,Shampoo Bar,60.0,g,60.0,g,5.25,4.0,GBP,GBP,Amazon.co.uk - Amazon.co.uk-Seller,Boots.com,100.0,62.17,100.0,100.0,True
PRD392d044d,PRD99303b82,Friendly Soap Lavender Tea Tree Conditioner Bar,Conditioner Bar - - Lavender & Geranium | Friendly Soap,Friendly Soap,Friendly Soap,Conditioner Bar,,,12.0,pack,9.62,91.7,GBP,GBP,Amazon.co.uk - Amazon.co.uk-Seller,Friendly Soap,98.6,78.65,100.0,50.0,True
PRD39a03679,PRDe35a5fb3,ethique Shampoo Bar for Fine,ethique Smoothing Shampoo Bar for Frizzy Hair 10 Uses,,,Shampoo Bar,,,,,3.0,3.0,GBP,GBP,Ethique GB,Ethique GB,70.1,70.12,50.0,50.0,True
PRD3ac1f6ed,PRD83f84d5b,Garnier Ultimate Blends Argan & Camellia Shampoo Bar,Garnier Ultimate Blends Delicate Oat Softening Shampoo Bar,Garnier,Garnier,Shampoo Bar,,,,,4.47,4.0,GBP,GBP,Amazon.co.uk - Amazon.co.uk-Seller,Tesco,89.4,69.41,100.0,50.0,True
PRD3b9ce914,PRD3e158b60,Tree Hut Tropic Glow Firming Whipped Body Butter,Tree Hut Whipped Body Butter,Tree Hut,Tree Hut,Body Butter,,,,,15.99,15.99,GBP,GBP,Holland & Barrett,Holland & Barrett,100.0,85.0,100.0,50.0,True
PRD3c74a68f,PRDa6d024a6,Lavender and Rosemary Conditioner Bar,"Lavender and Lime , Solid Conditioner, Zero Waste, Hair conditioner, Self Care, Eco, Vegan Products, Plastic Free, long lasting Travel bar",Lavender,Lavender,Conditioner Bar,,,5.0,g,5.98,1.5,GBP,GBP,Clearstone,The Natural Spa Cosmetics,79.7,59.69,100.0,50.0,True
PRD3d2887a7,PRDc39c546e,Eco Warrior Blue Shampoo Bar,Eco Warrior Dry Hair Shampoo Bar,Eco Warrior,Eco Warrior,Shampoo Bar,,,,,6.5,5.5,GBP,GBP,Justmylook,Tesco,97.0,76.97,100.0,50.0,True
PRD3e158b60,PRD4a89a3ef,Tree Hut Whipped Body Butter,Tree Hut Moroccan Rose Whipped Body Butter,Tree Hut,Tree Hut,Body Butter,,,,,15.99,15.99,GBP,GBP,Holland & Barrett,Boots.com,100.0,88.57,100.0,50.0,True
PRD3ea36cb3,PRD942b49b3,"PDRN Pink Peptide Serum- Korean Skincare PDRN Serum,Dark Spot Remover,Niacinamide Face Serum for Dark Spots & Barrier Repair,Hydrating,Moisturizing","PDRN Pink Peptide Serum With SPF30–Korean Skincare for Wrinkles&Hydration,Niacinamide Face Serum,Dark Spot Corrector&Barrier Repair,Hyperpigmentation",PDRN Pink,PDRN Pink,Face Serum,,,,,8.99,9.39,GBP,GBP,Amazon.co.uk - Amazon.co.uk-Seller,Amazon.co.uk - Amazon.co.uk-Seller,100.0,71.88,100.0,50.0,True
PRD3ee5456d,PRDcf6f224f,Ethique Solid Conditioner Bar Kookabara,Ethique Solid Conditioner Bar in The Buff - Unscented,Ethique Solid,Ethique Solid,Conditioner Bar,,,60.0,g,12.24,13.0,GBP,GBP,Sassy Organics,Amazon.co.uk - Amazon.co.uk-Seller,89.0,68.95,100.0,50.0,True
PRD431f8794,PRD591db5d1,pure anada Soothing Natural Conditioner Bar,Natural Conditioner Bar,,Natural Conditioner,Conditioner Bar,,,,,23.5,8.0,GBP,GBP,Live in the Light,Wriggly Tin Soap Co.,80.0,80.0,50.0,50.0,True
PRD4619ebd6,PRD5b6320ff,Shea Butter Conditioner Bar,Kitsch Shea Butter Hydrating Conditioner Bar,Shea Butter,Kitsch,Conditioner Bar,,,,,6.0,8.9,GBP,GBP,Slater Cosmetics,eBay,71.7,86.67,0.0,50.0,True
PRD4633f3ef,PRDdb039b35,"Nature Triangle Shampoo Bar, Usman Grass & Nature Seven Green Soap Solid Shampoo, Gentle Hair Cleansing & Strengthening for Women and Men (1)","Nature Triangle Shampoo Bar, Nature Green Triangle Solide Shampoo Soap, Cleansing Nourishing Hair Strengthens Hair, for Women And Men ()",Nature Triangle,Nature Triangle,Shampoo Bar,,,2.0,pcs,9.98,9.99,GBP,GBP,Amazon.co.uk - Amazon.co.uk-Seller,Amazon.co.uk - Amazon.co.uk-Seller,93.3,73.33,100.0,50.0,True
PRD47ea1152,PRDad80f5ee,Soap & Glory Berry & Bright Body Butter,Soap & Glory Limited Edition Body Butter Cherry Wild,Soap,Soap,Body Butter,200.0,ml,200.0,ml,6.0,5.99,GBP,GBP,Boots.com,Boots.com,100.0,62.32,100.0,100.0,True
PRD498ac8dd,PRDdd7f4e85,Mallows Beauty AHA Peachy Body Butter,Mallows Beauty Birthday Cake Body Butter,Mallows Beauty,Mallows Beauty,Body Butter,,,,,11.95,14.95,GBP,GBP,Boots.com,Amazon.co.uk - Amazon.co.uk-Seller,89.5,69.52,100.0,50.0,True
PRD49a2a30e,PRDb636b1e0,"Solid Shampoo For Curly Hair, 80","Solid Shampoo For Oily Hair, 80",Solid Shampoo,Solid Shampoo,Shampoo Bar,,,,,28.41,28.41,GBP,GBP,eBay - onebioshopcom,eBay - onebioshopcom,100.0,83.65,100.0,50.0,True
PRD4a7fd539,PRD9046cb21,Dr. Organic Manuka Honey Body Cream,Dr Organic Aloe Vera Body Butter,Dr. Organic,Dr Organic,Body Butter,,,,,11.99,11.99,GBP,GBP,Amazon.co.uk,Holland & Barrett,73.3,53.33,100.0,50.0,True
PRD4a89a3ef,PRD67541c15,Tree Hut Moroccan Rose Whipped Body Butter,Tree Hut Watermelon Whipped Body Butter,Tree Hut,Tree Hut,Body Butter,,,,,15.99,11.99,GBP,GBP,Boots.com,Boots.com,95.1,75.15,100.0,50.0,True
PRD4aeb7397,PRDccde7173,"Solid Shampoo Bar for Hair Growth for Itchy Scalp, Men & Women, Shampoo for Thinning Hair, Rough Hair, and Silky (Colongne)","Solid Shampoo For Dry Hair, 85",Solid Shampoo,Solid Shampoo,Shampoo Bar,,,,,4.99,26.43,GBP,GBP,Amazon.co.uk - Amazon.co.uk-Seller,eBay - onebioshopcom,81.2,61.18,100.0,50.0,True
PRD4d74acf3,PRDdb039b35,"Nature Triangle Shampoo Bar,Natural Plant-Based Solid Shampoo,Nature Green Soap Shampoo,Cleansing & Nourishing Care for Healthy-Looking Hair ()","Nature Triangle Shampoo Bar, Nature Green Triangle Solide Shampoo Soap, Cleansing Nourishing Hair Strengthens Hair, for Women And Men ()",Nature Triangle,Nature Triangle,Shampoo Bar,2.0,pcs,2.0,pcs,8.87,9.99,GBP,GBP,Amazon.co.uk - Amazon.co.uk-Seller,Amazon.co.uk - Amazon.co.uk-Seller,100.0,66.47,100.0,100.0,True
PRD4e398236,PRD59be1a2b,Dr Shea Shimmer Vanilla Shea Butter Body Butter,Dr. Shea Body Butter Confident Coconut Moisturizing Body Cream,Dr Shea,Dr. Shea,Body Butter,,,,,14.99,14.99,GBP,GBP,Share the Shea,Amazon.co.uk - Amazon.co.uk-Seller,88.2,58.22,100.0,50.0,True
PRD4ebccb85,PRD83cc251e,Natural Triangle Usman Grass Shampoo Bar,"Nature Triangle Shampoo Bar: Nature Seven Green Shampoo Soap, Usman Grass Bar, for Women and Mens",,,Shampoo Bar,2.0,pcs,2.0,pcs,6.89,12.99,GBP,GBP,Amazon.co.uk - Amazon.co.uk-Seller,Amazon.co.uk - Amazon.co.uk-Seller,87.6,67.62,50.0,100.0,True
PRD4f126442,PRDc9b3c65a,(bulkx6) Anihana Conditioner Bar Lavender & Lemon -oily And Fine,Anihana Conditioner Bar Lavender & Lemon,,Anihana Conditioner,Conditioner Bar,60.0,g,60.0,g,114.93,6.0,GBP,GBP,eBay,HealthPost.co.nz,100.0,82.22,50.0,100.0,True
PRD4f278f25,PRDa9143a2c,Good Molecules Hyaluronic Acid Serum,Good Molecules Daily Brightening Serum,Good Molecules,Good Molecules,Face Serum,,,,,6.0,5.94,GBP,GBP,Amazon.co.uk - Amazon.co.uk-Seller,Good Molecules,80.0,60.0,100.0,50.0,True
PRD51756516,PRDab4a7afe,Petal Power Bloom in Soap Refill Conditioner Bar,Petal Power Bloom in Soap Hair Conditioner Bars,Petal Power,Petal Power,Conditioner Bar,,,,,9.99,9.99,GBP,GBP,Bloom In Soap,Bloom In Soap,98.3,78.32,100.0,50.0,True
PRD51a95166,PRDb976da70,Plant Therapy Facial Serum,Plant Therapy Facial Serum Trio Set,Plant Therapy,Plant Therapy,Face Serum,,,,,12.61,22.27,GBP,GBP,Plant Therapy,Plant Therapy,100.0,86.67,100.0,50.0,True
PRD5315495b,PRDbe97e872,Foamie Conditioner Bar Aloe You Vera Much,Foamie Conditioner Bar Hibiskiss,Foamie Conditioner,Foamie Conditioner,Conditioner Bar,,,45.0,g,5.45,7.0,GBP,GBP,Edward Leonard Conroy,Cosmetify,83.9,63.89,100.0,50.0,True
PRD53e6dd0d,PRDad54c918,Lavender Body Butter,100% pure French Lavender Whipped Body Butter,Lavender Body,,Body Butter,,,,,29.0,26.6,GBP,GBP,Vedaoils UK,Ecco-Verde.co.uk,77.1,77.14,50.0,50.0,True
PRD543307a2,PRDa15a678b,J.R. Liggett's Tea Tree & Hemp Oil Shampoo Bar,J.R. Liggett's Herbal Shampoo Bar,J.R. Liggett's,J.R. Liggett's,Shampoo Bar,,,,,9.0,10.3,GBP,GBP,John And Ginger,BigGreenSmile.com,94.4,74.45,100.0,50.0,True
PRD5748515a,PRD9121603a,Josie Maran Whipped Argan Oil Body Butter Vanilla Apricot,Josie Maran Whipped Argan Oil Body Butter Apricot And Magnolia 4.6 Fl,Josie Maran,Josie Maran,Body Butter,4.6,oz,,,22.23,26.73,GBP,GBP,eBay - jhm_cosmetics_n_stuff,eBay - beauty4less70,98.3,78.33,100.0,50.0,True
PRD591db5d1,PRD898379d1,Natural Conditioner Bar,Natural Conditioner Bar with Pink Clay & Grapefruit,Natural Conditioner,Natural Conditioner,Conditioner Bar,,,,,8.0,8.0,GBP,GBP,Wriggly Tin Soap Co.,Wriggly Tin Soap Co.,97.1,77.14,100.0,50.0,True
PRD5b6320ff,PRDc6b2dce0,Kitsch Shea Butter Hydrating Conditioner Bar,Kitsch Rice Water Protein Conditioner Bar,Kitsch,Kitsch,Conditioner Bar,,,,,8.9,8.44,GBP,GBP,eBay,Amazon.co.uk - Amazon.co.uk-Seller,75.7,55.69,100.0,50.0,True
PRD5c42e109,PRD8aa035ef,Coconut Conditioner Bar,chey haircare Conditioner Bar Coconut,Coconut Conditioner,,Conditioner Bar,,,,,3.0,6.0,GBP,GBP,Independent Design Collective,Kiyo Beauty,84.0,84.0,50.0,50.0,True
PRD5cb13c22,PRDf67820d3,Scottish Fine Soaps Vetiver & Sandalwood Shampoo Bar Wrapped,Scottish Fine Soaps Men's Grooming Thistle & Black Pepper Shampoo Bar,Scottish Fine,Scottish Fine,Shampoo Bar,100.0,g,,,6.99,7.99,GBP,GBP,The Scottish Fine Soaps Company,Scottish Antiques,76.1,56.08,100.0,50.0,True
PRD5cc056bd,PRDd94aeaa8,Conditioner Bar for Hair Growth,Conditioner Bar for Thin Hair,Conditioner Bar,Conditioner Bar,Conditioner Bar,,,,,22.26,13.0,GBP,GBP,Snapklik.com,Local Boom Gift Shop,100.0,81.01,100.0,50.0,True
PRD5ccc60fe,PRD6b91c54a,New Dawn UK Patchouli Shampoo Bar,New Dawn UK Lavender Shampoo Bar,New Dawn,New Dawn,Shampoo Bar,,,,,6.45,6.45,GBP,GBP,New Dawn Organic Skin and Hair Care,New Dawn Organic Skin and Hair Care,98.8,78.75,100.0,50.0,True
PRD60f4ddcf,PRDa8447757,Dr Sebagh Supreme Maintenance Youth Serum,Dr Sebagh Serum Repair,Dr Sebagh,Dr Sebagh,Face Serum,,,,,215.0,106.2,GBP,GBP,Dr Sebagh,Dr Sebagh,85.8,65.79,100.0,50.0,True
PRD6379ecfc,PRD9e755525,Mallows Beauty I'm A Mallows Girl Body Butter,Mallows Beauty Mango Sorbet Body Butter,Mallows Beauty,Mallows Beauty,Body Butter,,,,,14.95,14.95,GBP,GBP,Mallows Beauty,Amazon.co.uk - Amazon.co.uk-Seller,85.5,65.52,100.0,50.0,True
PRD63cbaf21,PRDc561cff4,"Shampoo Bar Castor Oil,Castor Oil Conditioner Bar,Solid Bars Shampoo for Hydration,Strengthening,Nourishing Bars Soap for Hair Growth,Organic Castor",Shampoo Bar with Rosemary – Solid Shampoo and Conditioner Bar for Men & Women – Deep Cleansing Hair Soap with Coconut Oil Extracts for Scalp Care,Shampoo Bar,Shampoo Bar,Shampoo Bar,,,,,3.99,5.99,GBP,GBP,Amazon.co.uk - Amazon.co.uk-Seller,Amazon.co.uk - Amazon.co.uk-Seller,70.9,50.9,100.0,50.0,True
PRD644540eb,PRDbf7d8f07,"Nature Triangle Shampoo Bar, 2025 New Nature Seven Green Shampoo, Natural Plant-Based Solid Shampoobar, Gentle Cleansing & Nourishing Care for","Nature Triangle Shampoo Bar, Usman Grass Shampoo Bar, Nature Seven Green Soap Shampoos Bars, Nourishing Care for Healthy-Looking Hair ()",Nature Triangle,Nature Triangle,Shampoo Bar,,,1.0,pcs,11.99,9.99,GBP,GBP,Amazon.co.uk - Amazon.co.uk-Seller,Amazon.co.uk - Amazon.co.uk-Seller,77.6,57.62,100.0,50.0,True
PRD64e43e15,PRD89df39f4,"Nature Triangle Shampoo Bar - Natural Usman Grass Glutinous Rice Water Solid Shampoo Bar For Hair Care & Hair Growth, Calming & Strengthens Hairs For","Nature Triangle Shampoo Bar, Natural Grass Glutinous Rice Water Solid Shampoo Bar for Hair Care & Hair Growth, Calming & Strengthens Hair, Gentle on",Nature Triangle,Nature Triangle,Shampoo Bar,,,,,5.55,5.28,GBP,GBP,Amazon.co.uk - Amazon.co.uk-Seller,Amazon.co.uk - Amazon.co.uk-Seller,100.0,89.37,100.0,50.0,True
PRD6572e1b1,PRDc26d29e5,Friendly Soap - Lavender & Tea Tree Shampoo Bar - Eco Friendly,Soapy Scraps Shampoo Bar - Lavender & Tea Tree | Friendly Soap,Friendly Soap,Friendly Soap,Shampoo Bar,,,,,2.95,10.99,GBP,GBP,Indespoke,Friendly Soap,100.0,85.33,100.0,50.0,True
PRD6638f667,PRDdcd5232f,PHOGARY Hair Shampoo Bar,Phogary Hair Shampoo Bar,PHOGARY Hair,Phogary Hair,Shampoo Bar,,,,,8.99,8.99,GBP,GBP,Amazon.co.uk - Amazon.co.uk-Seller,Amazon.co.uk - Amazon.co.uk-Seller,100.0,100.0,100.0,50.0,True
PRD67261e04,PRDbac6a177,Kitsch Biotin Purple Toning Shampoo Bar,Kitsch Tea Tree & Mint Clarifying Shampoo Bar,Kitsch,Kitsch,Shampoo Bar,,,,,11.0,11.0,GBP,GBP,Kitsch,Kitsch,70.0,50.05,100.0,50.0,True
PRD67541c15,PRD7afe8a16,Tree Hut Watermelon Whipped Body Butter,Tree Hut Coco Colada Whipped Body Butter,Tree Hut,Tree Hut,Body Butter,,,,,11.99,11.99,GBP,GBP,Boots.com,Boots.com,95.1,75.15,100.0,50.0,True
PRD699dc9c0,PRD859ff753,This Works Perfect Legs Body Butter,perfect legs body butter - bundle 2,This Works,,Body Butter,,,,,29.0,22.84,GBP,GBP,ThisWorks.com,eu.thisworks.com,70.5,70.53,50.0,50.0,True
PRD6ac91761,PRDe408fb7b,Coconut Curls Conditioning Shampoo Bar,Coconut Curls Conditioning Shampoo Bar Trial Size,Coconut Curls,Coconut Curls,Conditioner Bar,,,,,11.99,5.49,GBP,GBP,Bloom In Soap,Bloom In Soap,100.0,88.57,100.0,50.0,True
PRD6c1d66f0,PRDc40d85f0,Faith in Nature Lavender & Geranium Shampoo Bar,Faith In Nature Shampoo Bar Lavender & Geranium 85gm,Faith in Nature,Faith in Nature,Shampoo Bar,,,85.0,g,7.0,46.32,GBP,GBP,Faith in Nature,eBay - gudz_uk,100.0,95.0,100.0,50.0,True
PRD70f81ab1,PRD9dcb8ad0,ethique Curl-defining Conditioner Bar and Co-wash for Curly and Coily Hair,Morava Conditioner Bar for Curly Hair,,Morava Conditioner,Conditioner Bar,,,,,5.0,18.55,GBP,GBP,Ethique GB,Snapklik.com,79.1,69.12,50.0,50.0,True
PRD71523043,PRD9f09222c,"Nature Triangle Shampoo Bar, Natural Cypress Leaf Usman Grass Solid Shampoo Bar, Calming & Strengthens Hair Vegan, for Hair Care for Women and Mens (",Nature Triangle Usman Grass Shampoo Bar,Nature Triangle,Nature Triangle,Shampoo Bar,,,,,5.99,9.97,GBP,GBP,Amazon.co.uk - Amazon.co.uk-Seller,Amazon.co.uk - Amazon.co.uk-Seller,92.6,72.63,100.0,50.0,True
PRD736548b6,PRDc3be8ff7,"20% Vitamin C Serum, Korean Skin Care Serum with Hyaluronic Acid, Anti-aging Face Serum for Dry and Dull Skin, Reduce Wrinkles & Fine Lines, Fast",grüum Youth Restoring Skin Gel Serum Face Glow Anti aging Vitamin C Serum for Women with Hyaluronic Acid,,,Face Serum,,,30.0,ml,7.19,13.0,GBP,GBP,Amazon.co.uk - Amazon.co.uk-Seller,Amazon.co.uk - Amazon.co.uk-Seller,71.2,61.21,50.0,50.0,True
PRD73e83d02,PRDc3be8ff7,"DR RASHEL Vitamin C Face Serum, Brightening & Anti-aging Facial Serum, Vitamin C Serum for Face with Hyaluronic Acid, Organic Vitamin C Serum for Face",grüum Youth Restoring Skin Gel Serum Face Glow Anti aging Vitamin C Serum for Women with Hyaluronic Acid,DR RASHEL,,Face Serum,,,30.0,ml,7.49,13.0,GBP,GBP,Amazon.co.uk - Amazon.co.uk-Seller,Amazon.co.uk - Amazon.co.uk-Seller,72.5,62.49,50.0,50.0,True
PRD78142e75,PRDd987acec,Sanctuary Spa Signature Natural Oils Melting Pearl Body Butter,Sanctuary Spa Body Butter,Sanctuary Spa,Sanctuary Spa,Body Butter,300.0,ml,,,16.0,13.0,GBP,GBP,Ocado,Boots.com,97.8,77.78,100.0,50.0,True
PRD7a86bc0c,PRDa31876c5,Hair Shampoo Bar Soap Weakly Alkaline Anti Dandruff For Oil,Hair Shampoo Bar Soap Organic Ecofriendly Anti Dandruff For Growth,Hair Shampoo,Hair Shampoo,Shampoo Bar,85.0,g,85.0,g,6.44,6.36,GBP,GBP,eBay - suntekmall,eBay - sitedv88,100.0,69.29,100.0,100.0,True
PRD7afe8a16,PRD8fe440bd,Tree Hut Coco Colada Whipped Body Butter,Tree Hut Tropic Glow Whipped Body Butter,Tree Hut,Tree Hut,Body Butter,,,,,11.99,11.99,GBP,GBP,Boots.com,Boots.com,91.6,71.63,100.0,50.0,True
PRD7d4c7911,PRDe20ca495,Burst Bodycare Aloe Body Butter,Burst Bodycare Orange Body Butter,Burst Bodycare,Burst Bodycare,Body Butter,,,200.0,ml,8.0,8.0,GBP,GBP,M&S,M&S,100.0,81.4,100.0,50.0,True
PRD7f4e36a6,PRDd94aeaa8,ethique Brightening Conditioner Bar for Brassy Hair Uses,Conditioner Bar for Thin Hair,,Conditioner Bar,Conditioner Bar,,,,,5.0,13.0,GBP,GBP,Ethique GB,Local Boom Gift Shop,72.1,72.12,50.0,50.0,True
PRD7fbc6b10,PRD9c4343cd,The Ordinary Multi-Peptide + Copper Peptides 1% Serum,The Ordinary Multi-Peptide + HA Serum,The Ordinary,The Ordinary,Face Serum,,,,,22.25,21.56,GBP,GBP,The Ordinary,The Ordinary,99.5,79.54,100.0,50.0,True
PRD83cc251e,PRDdb039b35,"Nature Triangle Shampoo Bar: Nature Seven Green Shampoo Soap, Usman Grass Bar, for Women and Mens","Nature Triangle Shampoo Bar, Nature Green Triangle Solide Shampoo Soap, Cleansing Nourishing Hair Strengthens Hair, for Women And Men ()",,Nature Triangle,Shampoo Bar,2.0,pcs,2.0,pcs,12.99,9.99,GBP,GBP,Amazon.co.uk - Amazon.co.uk-Seller,Amazon.co.uk - Amazon.co.uk-Seller,88.1,68.08,50.0,100.0,True
PRD83f84d5b,PRDc5fa35a7,Garnier Ultimate Blends Delicate Oat Softening Shampoo Bar,Garnier Ultimate Blends Honey Treasures Strengthening Shampoo Bar,Garnier,Garnier,Shampoo Bar,,,,,4.0,4.0,GBP,GBP,Tesco,Boots.com,83.3,63.34,100.0,50.0,True
PRD843209ee,PRDc6b2dce0,Kitsch Ultra Sensitive Conditioner & Shave Bar,Kitsch Rice Water Protein Conditioner Bar,Kitsch,Kitsch,Conditioner Bar,,,,,11.0,8.44,GBP,GBP,Kitsch,Amazon.co.uk - Amazon.co.uk-Seller,77.1,57.1,100.0,50.0,True
PRD8487deca,PRD8730dbc2,The Body Shop British Rose Body Butter,The Body Shop Mango Body Butter,The Body,The Body,Body Butter,,,,,4.99,4.07,GBP,GBP,Perfumes Club UK,Perfumes Club UK,95.0,75.03,100.0,50.0,True
PRD85157107,PRDbdaf38ab,Grüum Twin Pack Nourishing Shampoo Bar - Solid Shampoo Bars for Hair Up to 60 Washes - Plastic Free Vegan Bar for Men & Women - Paraben Free Rich,grüum Hår Zero Plastic Shampoo Bar,Grüum Twin,,Shampoo Bar,50.0,g,50.0,g,15.0,9.0,GBP,GBP,Amazon.co.uk - Amazon.co.uk-Seller,Amazon.co.uk - Amazon.co.uk-Seller,78.8,58.85,50.0,100.0,True
PRD85c315e8,PRDa3135b83,Boost Lab 2D-Hyaluronic Hydro Boost Serum,Boost Lab Brightening Serum,Boost Lab,Boost Lab,Face Serum,,,,,10.28,10.28,GBP,GBP,Boost Lab,Boost Lab,80.0,60.0,100.0,50.0,True
PRD8730dbc2,PRD9cbc695a,The Body Shop Mango Body Butter,The Body Shop Coconut Body Butter,The Body,The Body,Body Butter,,,,,4.07,17.47,GBP,GBP,Perfumes Club UK,Amazon.co.uk - Amazon.co.uk-Seller,98.8,78.84,100.0,50.0,True
PRD89df39f4,PRDbfb66f63,"Nature Triangle Shampoo Bar, Natural Grass Glutinous Rice Water Solid Shampoo Bar for Hair Care & Hair Growth, Calming & Strengthens Hair, Gentle on","Nature Triangle Shampoo Bar, Natural Usman Grass Glutinous Rice Water Solid Shampoo Bar,Thinning Hair-Volume Shampoo Bar for Men and Women,Hair Growth",Nature Triangle,Nature Triangle,Shampoo Bar,,,,,5.28,6.95,GBP,GBP,Amazon.co.uk - Amazon.co.uk-Seller,Amazon.co.uk - Amazon.co.uk-Seller,91.4,71.37,100.0,50.0,True
PRD8a71614b,PRDfbf2977a,Shea Butter – Refined Resealable Pouch,Shea Butter Refined,Shea Butter,Shea Butter,Body Butter,,,,,30.95,8.1,GBP,GBP,TheSoapery,The Soap Kitchen,100.0,84.0,100.0,50.0,True
PRD8cdfbccc,PRDd94aeaa8,Conditioner Bar - Patchouli & Rose Geranium,Conditioner Bar for Thin Hair,Conditioner Bar,Conditioner Bar,Conditioner Bar,,,,,10.0,13.0,GBP,GBP,Havens Treasures,Local Boom Gift Shop,70.9,50.91,100.0,50.0,True
PRD8ce93f8d,PRDfd3ca522,I Love Cosmetics Vanilla Milk Body Butter,I Love Cosmetics Women's English Rose Body Butter,I Love,I Love,Body Butter,,,,,9.99,7.99,GBP,GBP,Amazon.co.uk - Amazon.co.uk-Seller,Amazon.co.uk - Amazon.co.uk-Seller,86.9,66.88,100.0,50.0,True
PRD8ddeb742,PRDab6f59b8,Palmer's Cocoa Butter Formula Lotion,Palmer's Cocoa Butter Formula,Palmer's Cocoa,Palmer's Cocoa,Body Butter,,,,,4.49,4.3,GBP,GBP,Boots.com,Tesco,100.0,93.33,100.0,50.0,True
PRD8e54123b,PRD99303b82,Conditioner Bar - - Peppermint & Eucalyptus | Friendly Soap,Conditioner Bar - - Lavender & Geranium | Friendly Soap,Friendly Soap,Friendly Soap,Conditioner Bar,12.0,pack,12.0,pack,91.7,91.7,GBP,GBP,Friendly Soap,Friendly Soap,100.0,65.79,100.0,100.0,True
PRD8ed88d88,PRDe1b4ac16,Derma V10 Body Butter Coconut,Derma V10 Cocoa Body Butter,Derma V10,Derma V10,Body Butter,220.0,ml,,,3.99,1.49,GBP,GBP,Amazon.co.uk - Amazon.co.uk-Seller,Wilko,100.0,82.38,100.0,50.0,True
PRD9119da25,PRDd11745ae,Neutrogena Hydro Boost Niacinamide Serum,Neutrogena Hydro Boost Concentrated Serum,Neutrogena Hydro,Neutrogena Hydro,Face Serum,,,,,12.76,9.39,GBP,GBP,Pharmeden,Amazon.co.uk - Amazon.co.uk-Seller,97.0,77.04,100.0,50.0,True
PRD913efd69,PRDd987acec,Sanctuary Spa Lily & Rose Body Butter,Sanctuary Spa Body Butter,Sanctuary Spa,Sanctuary Spa,Body Butter,,,,,13.0,13.0,GBP,GBP,Boots.com,Boots.com,100.0,86.67,100.0,50.0,True
PRD936bfd10,PRDc1aa7d48,Grace Cole Body Butter Grapefruit,"Grace Cole Grapefruit, Lime & Mint Body Butter",Grace Cole,Grace Cole,Body Butter,225.0,g,,,10.0,10.0,GBP,GBP,Grace Cole,Grace Cole,100.0,88.57,100.0,50.0,True
PRD9465d12b,PRDbdaf38ab,grüum Hår Shine Boost Henna + Juniper Shampoo Bar,grüum Hår Zero Plastic Shampoo Bar,,,Shampoo Bar,50.0,g,50.0,g,9.0,9.0,GBP,GBP,Amazon.co.uk - Amazon.co.uk-Seller,Amazon.co.uk - Amazon.co.uk-Seller,85.8,65.82,50.0,100.0,True
PRD949949da,PRD9d164e19,The Soap Mine Solid Conditioner Bar - Fragrance Free,The Soap Mine Solid Conditioner Bar,The Soap,The Soap,Conditioner Bar,,,,,5.85,6.5,GBP,GBP,Babi Pur,Eco Bee,100.0,90.0,100.0,50.0,True
PRD99303b82,PRD9e61c9a7,Conditioner Bar - - Lavender & Geranium | Friendly Soap,Friendly Soap Lavender & Geranium Conditioner Bar,Friendly Soap,Friendly Soap,Conditioner Bar,12.0,pack,,,91.7,8.99,GBP,GBP,Friendly Soap,C & G Natural Beauty Shop,100.0,100.0,100.0,50.0,True
PRD9c4343cd,PRDc32dd309,The Ordinary Multi-Peptide + HA Serum,The Ordinary Hyaluronic Acid 2% + B5,The Ordinary,The Ordinary,Face Serum,,,,,21.56,8.8,GBP,GBP,The Ordinary,Boots.com,70.0,40.0,100.0,50.0,True
PRD9e61c9a7,PRDcdd158d6,Friendly Soap Lavender & Geranium Conditioner Bar,Friendly Soap Conditioner Bar Lavender & Geranium,Friendly Soap,Friendly Soap,Conditioner Bar,,,,,8.99,9.99,GBP,GBP,C & G Natural Beauty Shop,Amazon.co.uk - Amazon.co.uk-Seller,100.0,100.0,100.0,50.0,True
PRD9e755525,PRDdd7f4e85,Mallows Beauty Mango Sorbet Body Butter,Mallows Beauty Birthday Cake Body Butter,Mallows Beauty,Mallows Beauty,Body Butter,,,,,14.95,14.95,GBP,GBP,Amazon.co.uk - Amazon.co.uk-Seller,Amazon.co.uk - Amazon.co.uk-Seller,88.0,68.0,100.0,50.0,True
PRD9f09222c,PRDdd85df46,Nature Triangle Usman Grass Shampoo Bar,"Nature Triangle Shampoo Bar, Nature Seven Green Soap shampoo, Seven Green Shampoo bar, Usman Grass Shampoo Bar, Polygonum Shampoo Soap, Calming &",Nature Triangle,Nature Triangle,Shampoo Bar,,,,,9.97,6.99,GBP,GBP,Amazon.co.uk - Amazon.co.uk-Seller,Amazon.co.uk - Amazon.co.uk-Seller,100.0,81.82,100.0,50.0,True
PRD9f935292,PRDd987acec,Sanctuary Spa Golden Sandalwood Melting Body Butter,Sanctuary Spa Body Butter,Sanctuary Spa,Sanctuary Spa,Body Butter,,,,,15.99,13.0,GBP,GBP,Superdrug.com,Boots.com,100.0,82.86,100.0,50.0,True
PRDa007b882,PRDad74e0eb,Mango Butter Refined,Mango Butter,Mango Butter,Mango Butter,Body Butter,,,,,12.99,4.45,GBP,GBP,Naissance UK,Aromantic,100.0,86.67,100.0,50.0,True
PRDa1991032,PRDcd1840e0,Friendly Soap Conditioner Bar - Fragrance-free,Friendly Soap Conditioner Bar Fragrance Free,Friendly Soap,Friendly Soap,Conditioner Bar,90.0,g,,,33.22,8.99,GBP,GBP,eBay - gudz_uk,Friendly Soap,100.0,100.0,100.0,50.0,True
PRDa19c3443,PRDa2063a8c,soap & glory Soap and Glory The Righteous Body Butter Lotion Bundled with Clean on Me,Soap & And Glory The Righteous Body Butter,,Soap,Body Butter,,,600.0,ml,20.99,20.39,GBP,GBP,Amazon.co.uk - Amazon.co.uk-Seller,eBay - zorilus7,81.5,81.54,50.0,50.0,True
PRDa2063a8c,PRDd4a6232d,Soap & And Glory The Righteous Body Butter,Soap & Glory The Righteous Butter Body Butter,Soap,Soap,Body Butter,600.0,ml,,,20.39,7.49,GBP,GBP,eBay - zorilus7,Boots.com,100.0,94.29,100.0,50.0,True
PRDa31876c5,PRDfa3f214e,Hair Shampoo Bar Soap Organic Ecofriendly Anti Dandruff For Growth,Handmade Anti-dandruff Shampoo Bar For Hair Growth Care Soap,Hair Shampoo,Handmade Anti-dandruff,Shampoo Bar,85.0,g,80.0,g,6.36,18.67,GBP,GBP,eBay - sitedv88,eBay - mount0851,73.7,78.74,0.0,50.0,True
PRDa362366f,PRDc4702342,Kaurilan Sauna Black Currant Shampoo Bar,Kaurilan Sauna Camelina Shampoo Bar,Kaurilan Sauna,Kaurilan Sauna,Shampoo Bar,,,,,14.7,13.38,GBP,GBP,Hels1nk1,Ecco-Verde.co.uk,94.0,74.0,100.0,50.0,True
PRDa43053ee,PRDbb255664,Bain & Savon Natural Conditioner Bar,Bain & Savon Natural Conditioner Bar Brittle Heat Damaged Hair,Bain,Bain,Conditioner Bar,,,105.0,g,9.0,9.0,GBP,GBP,Peace With The Wild,Peace With The Wild,100.0,82.22,100.0,50.0,True
PRDa54dce4c,PRDe87d03f9,"Castor Oil Hair Bar - Nourishing and Soothing Natural Deep Conditioner for All Hair Types - Moisturizing and Cleansing Bar, Vegan, Smooth and","unbrand Castor Oil Conditioner Bar - Nourishing & Soothing Natural Deep Conditioner for All Hair Types - Hair Moisturizing, Cleansing Solid Soap Ba...",Castor Oil,,Conditioner Bar,,,,,4.59,5.99,GBP,GBP,Amazon.co.uk - Amazon.co.uk-Seller,fruugo.co.uk,82.0,82.01,50.0,50.0,True
PRDa700eca3,PRDfd3ca522,I Love Cosmetics Body Butter Mango & Papaya,I Love Cosmetics Women's English Rose Body Butter,I Love,I Love,Body Butter,,,,,5.99,7.99,GBP,GBP,Amazon.co.uk - Amazon.co.uk-Seller,Amazon.co.uk - Amazon.co.uk-Seller,86.9,66.88,100.0,50.0,True
PRDa783e838,PRDad80f5ee,Soap & Glory Limited Edition Fresh As Fig Body Butter,Soap & Glory Limited Edition Body Butter Cherry Wild,Soap,Soap,Body Butter,,,200.0,ml,5.99,5.99,GBP,GBP,Boots.com,Boots.com,93.6,73.64,100.0,50.0,True
PRDa9143a2c,PRDf97646d2,Good Molecules Daily Brightening Serum,Good Molecules Discoloration Correcting Serum,Good Molecules,Good Molecules,Face Serum,,,,,5.94,8.91,GBP,GBP,Good Molecules,Good Molecules,80.5,60.52,100.0,50.0,True
PRDad80f5ee,PRDd4a6232d,Soap & Glory Limited Edition Body Butter Cherry Wild,Soap & Glory The Righteous Butter Body Butter,Soap,Soap,Body Butter,200.0,ml,,,5.99,7.49,GBP,GBP,Boots.com,Boots.com,81.5,61.52,100.0,50.0,True
PRDadd6c147,PRDe522a9dd,La Roche Posay Hydraphase Intense Serum,La Roche Posay Cicaplast B5 Serum,La Roche,La Roche,Face Serum,,,,,21.75,40.0,GBP,GBP,Amazon.co.uk,Boots.com,85.3,65.28,100.0,50.0,True
PRDaed0941e,PRDe9b597c0,Solid Conditioner Bar ~ Sweet & Fruity Scents,Solid Conditioner Bar - Lavender,Solid Conditioner,Solid Conditioner,Conditioner Bar,,,,,1.0,6.68,GBP,GBP,nirvana.by.nichola,eBay,86.6,66.55,100.0,50.0,True
PRDb007f6f2,PRDc3647fd8,CONDITIONER BAR SEAWEED - PURC CONDITIONER BAR SEAWEED VEGAN CONDITIONER,CONDITIONER BAR LAVENDER - PURC CONDITIONER BAR LAVENDER CRUELTY FREE VEGAN CONDITIONER BAR,CONDITIONER BAR,CONDITIONER BAR,Conditioner Bar,,,,,18.55,18.55,GBP,GBP,pure-keratin.com,pure-keratin.com,92.0,72.0,100.0,50.0,True
PRDb030f508,PRDc3647fd8,Conditioner Bar - Lavender & Amyris,CONDITIONER BAR LAVENDER - PURC CONDITIONER BAR LAVENDER CRUELTY FREE VEGAN CONDITIONER BAR,Conditioner Bar,CONDITIONER BAR,Conditioner Bar,,,,,10.0,18.55,GBP,GBP,Havens Treasures,pure-keratin.com,87.4,67.36,100.0,50.0,True
PRDb1aa604c,PRDd7b369b6,The INKEY List Retinol Serum,The INKEY List Niacinamide Serum,The INKEY,The INKEY,Face Serum,,,30.0,ml,7.35,5.25,GBP,GBP,The Inkey List,The Inkey List,81.7,76.67,100.0,50.0,True
PRDb311571e,PRDf83acaff,Friendly Soap Plastic-Free Shampoo Bar,Friendly Soap Shampoo Bar - Lav & Tea Tree,Friendly Soap,Friendly Soap,Shampoo Bar,,,95.0,g,2.6,3.29,GBP,GBP,Boobalou,QuickVit,85.4,65.4,100.0,50.0,True
PRDb5b5c690,PRDd4987f16,Folk Soap Conditioner Bar,Folk Soap Solid Conditioner Bar,Folk Soap,Folk Soap,Conditioner Bar,,,,,9.0,8.0,GBP,GBP,Folk Soap,Folk Soap,100.0,92.0,100.0,50.0,True
PRDb636b1e0,PRDccde7173,"Solid Shampoo For Oily Hair, 80","Solid Shampoo For Dry Hair, 85",Solid Shampoo,Solid Shampoo,Shampoo Bar,,,,,28.41,26.43,GBP,GBP,eBay - onebioshopcom,eBay - onebioshopcom,92.9,72.88,100.0,50.0,True
PRDb87918cf,PRDf55f26f8,No7 Radiance 15% Vitamin C Serum,15% Vitamin C Complex,No7 Radiance,,Face Serum,25.0,ml,,,16.16,36.0,GBP,GBP,Amazon.co.uk - Amazon.co.uk-Seller,indē wild UK,72.1,62.14,50.0,50.0,True
PRDbb642fb8,PRDf41382a6,Shampoo Bar – Calendula – Fine Hair - Full Size,Shampoo Bar - Lime & Coconut - All Hair Types - Full Size,Shampoo Bar,Shampoo Bar,Shampoo Bar,60.0,g,60.0,g,7.0,7.0,GBP,GBP,Peace With The Wild,Peace With The Wild,100.0,64.75,100.0,100.0,True
PRDbf7d8f07,PRDdd85df46,"Nature Triangle Shampoo Bar, Usman Grass Shampoo Bar, Nature Seven Green Soap Shampoos Bars, Nourishing Care for Healthy-Looking Hair ()","Nature Triangle Shampoo Bar, Nature Seven Green Soap shampoo, Seven Green Shampoo bar, Usman Grass Shampoo Bar, Polygonum Shampoo Soap, Calming &",Nature Triangle,Nature Triangle,Shampoo Bar,1.0,pcs,,,9.99,6.99,GBP,GBP,Amazon.co.uk - Amazon.co.uk-Seller,Amazon.co.uk - Amazon.co.uk-Seller,90.6,70.64,100.0,50.0,True
PRDbfb66f63,PRDdb039b35,"Nature Triangle Shampoo Bar, Natural Usman Grass Glutinous Rice Water Solid Shampoo Bar,Thinning Hair-Volume Shampoo Bar for Men and Women,Hair Growth","Nature Triangle Shampoo Bar, Nature Green Triangle Solide Shampoo Soap, Cleansing Nourishing Hair Strengthens Hair, for Women And Men ()",Nature Triangle,Nature Triangle,Shampoo Bar,,,2.0,pcs,6.95,9.99,GBP,GBP,Amazon.co.uk - Amazon.co.uk-Seller,Amazon.co.uk - Amazon.co.uk-Seller,76.8,56.75,100.0,50.0,True
PRDc0f51385,PRDc39c546e,Eco Warrior Men's Edit Shampoo Bar,Eco Warrior Dry Hair Shampoo Bar,Eco Warrior,Eco Warrior,Shampoo Bar,,,,,5.5,5.5,GBP,GBP,Amazon.co.uk,Tesco,88.0,67.96,100.0,50.0,True
PRDc18dacd6,PRDff2e9b24,Ethique Wonderbar Conditioner Bar For Oily to Normal Hair,Ethique Wonderbar Conditioner Bar for Oily-Normal Hair-Mini,Ethique Wonderbar,Ethique Wonderbar,Conditioner Bar,,,,,12.99,3.5,GBP,GBP,Amazon.co.uk - Amazon.co.uk-Seller,New Zealand Nature - UK,100.0,90.38,100.0,50.0,True
PRDc2643e4f,PRDe42b3890,Faith in Nature Shea & Argan Shampoo Bar,Faith in Nature - Shampoo Bar Lavender & Geranium,Faith in Nature,Faith in Nature,Shampoo Bar,,,85.0,g,5.25,7.0,GBP,GBP,Natural Collection,Holland & Barrett,92.1,72.07,100.0,50.0,True
PRDc26d29e5,PRDf83acaff,Soapy Scraps Shampoo Bar - Lavender & Tea Tree | Friendly Soap,Friendly Soap Shampoo Bar - Lav & Tea Tree,Friendly Soap,Friendly Soap,Shampoo Bar,,,95.0,g,10.99,3.29,GBP,GBP,Friendly Soap,QuickVit,100.0,80.67,100.0,50.0,True
PRDc32dd309,PRDc70837ea,The Ordinary Hyaluronic Acid 2% + B5,The Ordinary Amino Acids + B5,The Ordinary,The Ordinary,Face Serum,,,,,8.8,8.8,GBP,GBP,Boots.com,LOOKFANTASTIC,81.0,61.0,100.0,50.0,True
PRDc3be8ff7,PRDf7fd4b86,grüum Youth Restoring Skin Gel Serum Face Glow Anti aging Vitamin C Serum for Women with Hyaluronic Acid,Naturium Vitamin C Complex Face Serum with Hyaluronic Acid & Vitamin E,,Naturium Vitamin,Face Serum,30.0,ml,,,13.0,9.38,GBP,GBP,Amazon.co.uk - Amazon.co.uk-Seller,Amazon.co.uk,72.0,62.05,50.0,50.0,True
PRDc3d06dd4,PRDc6b2dce0,Kitsch Rosemary & Biotin Solid Conditioner,Kitsch Rice Water Protein Conditioner Bar,Kitsch,Kitsch,Conditioner Bar,,,,,12.0,8.44,GBP,GBP,Next,Amazon.co.uk - Amazon.co.uk-Seller,71.9,51.85,100.0,50.0,True
PRDc40d85f0,PRDe42b3890,Faith In Nature Shampoo Bar Lavender & Geranium 85gm,Faith in Nature - Shampoo Bar Lavender & Geranium,Faith in Nature,Faith in Nature,Shampoo Bar,85.0,g,85.0,g,46.32,7.0,GBP,GBP,eBay - gudz_uk,Holland & Barrett,100.0,95.0,100.0,100.0,True
PRDc42260e7,PRDe522a9dd,La Roche Posay Pure Anti-Wrinkle Serum,La Roche Posay Cicaplast B5 Serum,La Roche,La Roche,Face Serum,,,,,36.0,40.0,GBP,GBP,Boots.com,Boots.com,83.1,63.06,100.0,50.0,True
PRDc5fa35a7,PRDe86336bb,Garnier Ultimate Blends Honey Treasures Strengthening Shampoo Bar,Garnier Ultimate Blends Coconut Hydrating Shampoo Bar with Aloe Vera for Normal Hair,Garnier,Garnier,Shampoo Bar,,,60.0,g,4.0,4.0,GBP,GBP,Boots.com,Boots.com,74.5,54.5,100.0,50.0,True
PRDc6b2dce0,PRDf57f1fc4,Kitsch Rice Water Protein Conditioner Bar,Kitsch Strengthening Hair Conditioner Bar with Rice Water Protein | Made in US | Eco-Friendly Cleansing and Moisturizing,Kitsch,Kitsch,Conditioner Bar,,,,,8.44,21.01,GBP,GBP,Amazon.co.uk - Amazon.co.uk-Seller,OnBuy.com,94.1,74.12,100.0,50.0,True
PRDc8d9fa08,PRDdc78a78e,Beauty of Joseon Essentials Duo,Beauty of Joseon Revive Serum Mucin,Beauty,Beauty,Face Serum,,,,,22.88,16.97,GBP,GBP,LOOKFANTASTIC,Millies.ie,75.9,55.85,100.0,50.0,True
PRDc8e73bf0,PRDe4a75ca8,Hairy Jayne Musk Conditioner Bar,Hairy Jayne Solid Conditioner Bar,Hairy Jayne,Hairy Jayne,Conditioner Bar,,,,,8.0,9.0,GBP,GBP,Hairy Jayne,Zero Store,100.0,81.58,100.0,50.0,True
PRDca5f4122,PRDceb86729,Natural Hair Conditioning Bar – Lavender,Natural Hair Conditioning Bar – Lemongrass,Natural Hair,Natural Hair,Conditioner Bar,,,,,4.99,4.99,GBP,GBP,Handmade Fever,Handmade Fever,99.0,78.97,100.0,50.0,True
PRDcd1840e0,PRDcdd158d6,Friendly Soap Conditioner Bar Fragrance Free,Friendly Soap Conditioner Bar Lavender & Geranium,Friendly Soap,Friendly Soap,Conditioner Bar,,,,,8.99,9.99,GBP,GBP,Friendly Soap,Amazon.co.uk - Amazon.co.uk-Seller,88.8,68.79,100.0,50.0,True
PRDce9b3f2d,PRDe4a46626,The Ordinary Niacinamide 10% + Zinc 1%,The Ordinary Niacinamide 10% + Zinc 1% Face Serum,The Ordinary,The Ordinary,Face Serum,,,30.0,ml,6.93,43.92,GBP,GBP,The Ordinary,eBay - gharisi,100.0,90.0,100.0,50.0,True
PRDd1ca1607,PRDe128499b,Balance Active Formula Niacinamide Blemish Recovery Serum,Balance Active Formula Brightening Serum,Balance Active,Balance Active,Face Serum,,,,,24.99,2.99,GBP,GBP,Amazon.co.uk - Amazon.co.uk-Seller,Home Bargains,89.4,69.41,100.0,50.0,True
PRDd44093d8,PRDd94aeaa8,Conditioner Bar for All Hair Types,Conditioner Bar for Thin Hair,Conditioner Bar,Conditioner Bar,Conditioner Bar,,,,,9.6,13.0,GBP,GBP,Owl & Bee UK,Local Boom Gift Shop,97.2,77.2,100.0,50.0,True
PRDd4a6232d,PRDe4842ed8,Soap & Glory The Righteous Butter Body Butter,Soap & Glory Original The Righteous Butter Body Lotion,Soap,Soap,Body Butter,,,,,7.49,3.66,GBP,GBP,Boots.com,eBay,100.0,90.0,100.0,50.0,True
PRDd65f77fd,PRDd7b369b6,Niacinamide Serum,The INKEY List Niacinamide Serum,Niacinamide Serum,The INKEY,Face Serum,30.0,ml,30.0,ml,10.0,5.25,GBP,GBP,tangerins.com,The Inkey List,81.0,76.0,0.0,100.0,True
PRDd8d93ae9,PRDf2daad50,"1-3x Nature Triangle Shampoo Bar, Nature Seven Green Soap Shampoo, Natural Usman Grass Shampoo Bar, Calming & Strengthens Hair for Women and Men","2025 Nature Triangle Shampoo Bar, Nature Seven Green Soap Shampoo, Natural Usman Grass Shampoo Bar, Calming & Strengthens Hair for Women and Men",,,Shampoo Bar,1.0,pcs,1.0,pcs,12.95,6.89,GBP,GBP,fruugo.co.uk,fruugo.co.uk,100.0,92.63,50.0,100.0,True
PRDd987acec,PRDff85511b,Sanctuary Spa Body Butter,Sanctuary Spa Signature Collection Body Butter,Sanctuary Spa,Sanctuary Spa,Body Butter,,,,,13.0,3.5,GBP,GBP,Boots.com,Amazon.co.uk,100.0,86.67,100.0,50.0,True
PRDda45072e,PRDef469070,"Cacumen Biotae Isatis Indicotica Shampoo Bar, Usman Shampoo Grass Bar","Cacumen Biotae Isatis Indicotica Shampoo Bar, Usman Shampoo Bar Grass",Cacumen Biotae,Cacumen Biotae,Shampoo Bar,,,,,12.28,12.28,GBP,GBP,eBay - fullhouseer,eBay - yusnshushangmao,100.0,100.0,100.0,50.0,True
PRDdb039b35,PRDdd85df46,"Nature Triangle Shampoo Bar, Nature Green Triangle Solide Shampoo Soap, Cleansing Nourishing Hair Strengthens Hair, for Women And Men ()","Nature Triangle Shampoo Bar, Nature Seven Green Soap shampoo, Seven Green Shampoo bar, Usman Grass Shampoo Bar, Polygonum Shampoo Soap, Calming &",Nature Triangle,Nature Triangle,Shampoo Bar,2.0,pcs,,,9.99,6.99,GBP,GBP,Amazon.co.uk - Amazon.co.uk-Seller,Amazon.co.uk - Amazon.co.uk-Seller,72.7,52.71,100.0,50.0,True
PRDdc65729d,PRDf1b0c5d0,Body Butter with Mango Butter – Lime,Body Butter with Mango Butter – Patchouli and Orange,Body Butter,Body Butter,Body Butter,,,,,7.99,7.99,GBP,GBP,Handmade Fever,Handmade Fever,100.0,73.88,100.0,50.0,True
PRDdc78a78e,PRDf97f8370,Beauty of Joseon Revive Serum Mucin,Beauty of Joseon Light On Serum,Beauty,Beauty,Face Serum,,,,,16.97,14.39,GBP,GBP,Millies.ie,Superdrug.com,89.8,69.81,100.0,50.0,True
PRDdd85df46,PRDf2daad50,"Nature Triangle Shampoo Bar, Nature Seven Green Soap shampoo, Seven Green Shampoo bar, Usman Grass Shampoo Bar, Polygonum Shampoo Soap, Calming &","2025 Nature Triangle Shampoo Bar, Nature Seven Green Soap Shampoo, Natural Usman Grass Shampoo Bar, Calming & Strengthens Hair for Women and Men",Nature Triangle,,Shampoo Bar,,,1.0,pcs,6.99,6.89,GBP,GBP,Amazon.co.uk - Amazon.co.uk-Seller,fruugo.co.uk,76.7,76.7,50.0,50.0,True
PRDe1b4ac16,PRDfb8bacb6,Derma V10 Cocoa Body Butter,Derma V10 Body Butter Moisturising Cream Vegan Friendly (Coconut),Derma V10,Derma V10,Body Butter,,,4.0,pack,1.49,8.1,GBP,GBP,Wilko,Amazon.co.uk - Amazon.co.uk-Seller,88.5,68.5,100.0,50.0,True
PRDe4842ed8,PRDeff54c48,Soap & Glory Original The Righteous Butter Body Lotion,Soap and Glory The Righteous Body Butter,Soap,Soap,Body Butter,,,,,3.66,9.99,GBP,GBP,eBay,Boots.com,100.0,83.51,100.0,50.0,True
PRDeff54c48,PRDf4402683,Soap and Glory The Righteous Body Butter,Soap & Glory Body Butter The Righteous Butter,Soap,Soap,Body Butter,,,,,9.99,7.49,GBP,GBP,Boots.com,Boots.com,100.0,94.29,100.0,50.0,True
PRDf098e420,PRDf1b0c5d0,Body Butter For Dry Skin Mango (body Butter),Body Butter with Mango Butter – Patchouli and Orange,Body Butter,Body Butter,Body Butter,50.0,ml,,,24.91,7.99,GBP,GBP,eBay - onebioshopcom,Handmade Fever,85.4,55.4,100.0,50.0,True
PRDf2b13eb3,PRDfd3ca522,I Love Coconut & Cream Body Butter,I Love Cosmetics Women's English Rose Body Butter,I Love,I Love,Body Butter,,,,,2.49,7.99,GBP,GBP,Wilko,Amazon.co.uk - Amazon.co.uk-Seller,77.7,57.75,100.0,50.0,True
PRDf55f26f8,PRDf7fd4b86,15% Vitamin C Complex,Naturium Vitamin C Complex Face Serum with Hyaluronic Acid & Vitamin E,,Naturium Vitamin,Face Serum,,,,,36.0,9.38,GBP,GBP,indē wild UK,Amazon.co.uk,76.0,66.04,50.0,50.0,True
