product_1_id,product_2_id,product_1_name,product_2_name,brand_1,brand_2,category,size_value_1,size_unit_1,size_value_2,size_unit_2,price_1,price_2,currency_1,currency_2,retailer_1,retailer_2,similarity,hybrid_name_similarity,lexical_similarity,semantic_similarity,brand_similarity,size_similarity
PRDff85511b,PRD78142e75,Sanctuary Spa Signature Collection Body Butter,Sanctuary Spa Signature Natural Oils Melting Pearl Body Butter,Sanctuary Spa,Sanctuary Spa,Body Butter,,,300.0,ml,3.5,16.0,GBP,GBP,Amazon.co.uk,Ocado,89.6,69.56,71.85,66.12,100.0,50.0
PRDff85511b,PRD913efd69,Sanctuary Spa Signature Collection Body Butter,Sanctuary Spa Lily & Rose Body Butter,Sanctuary Spa,Sanctuary Spa,Body Butter,,,,,3.5,13.0,GBP,GBP,Amazon.co.uk,Boots.com,91.6,71.62,70.0,74.05,100.0,50.0
PRDff85511b,PRDd987acec,Sanctuary Spa Signature Collection Body Butter,Sanctuary Spa Body Butter,Sanctuary Spa,Sanctuary Spa,Body Butter,,,,,3.5,13.0,GBP,GBP,Amazon.co.uk,Boots.com,100.0,86.68,86.67,86.7,100.0,50.0
PRDf4402683,PRD47ea1152,Soap & Glory Body Butter The Righteous Butter,Soap & Glory Berry & Bright Body Butter,Soap,Soap,Body Butter,,,200.0,ml,7.49,6.0,GBP,GBP,Boots.com,Boots.com,92.0,72.05,67.32,79.14,100.0,50.0
PRDf4402683,PRDe4842ed8,Soap & Glory Body Butter The Righteous Butter,Soap & Glory Original The Righteous Butter Body Lotion,Soap,Soap,Body Butter,,,,,7.49,3.66,GBP,GBP,Boots.com,eBay,100.0,88.35,90.0,85.87,100.0,50.0
PRDf4402683,PRD1e2d2b20,Soap & Glory Body Butter The Righteous Butter,Soap & Glory Call of Fruity Body Butter,Soap,Soap,Body Butter,,,,,7.49,7.49,GBP,GBP,Boots.com,Boots.com,90.0,70.04,63.3,80.15,100.0,50.0
PRDf4402683,PRDd4a6232d,Soap & Glory Body Butter The Righteous Butter,Soap & Glory The Righteous Butter Body Butter,Soap,Soap,Body Butter,,,,,7.49,7.49,GBP,GBP,Boots.com,Boots.com,100.0,99.45,100.0,98.62,100.0,50.0
PRDf4402683,PRDeff54c48,Soap & Glory Body Butter The Righteous Butter,Soap and Glory The Righteous Body Butter,Soap,Soap,Body Butter,,,,,7.49,9.99,GBP,GBP,Boots.com,Boots.com,100.0,94.92,94.29,95.88,100.0,50.0
PRDf4402683,PRDd4a6232d,Soap & Glory Body Butter The Righteous Butter,Soap & Glory The Righteous Butter Body Butter,Soap,Soap,Body Butter,,,,,7.49,49.85,GBP,GBP,Boots.com,eBay - jadashats-us,100.0,99.45,100.0,98.62,100.0,50.0
PRDf4402683,PRDa2063a8c,Soap & Glory Body Butter The Righteous Butter,Soap & And Glory The Righteous Body Butter,Soap,Soap,Body Butter,,,600.0,ml,7.49,20.39,GBP,GBP,Boots.com,eBay - zorilus7,100.0,94.92,94.29,95.88,100.0,50.0
PRDe1b4ac16,PRD8ed88d88,Derma V10 Cocoa Body Butter,Derma V10 Body Butter Coconut,Derma V10,Derma V10,Body Butter,,,220.0,ml,1.49,3.99,GBP,GBP,Wilko,Amazon.co.uk - Amazon.co.uk-Seller,100.0,80.34,82.38,77.28,100.0,50.0
PRDe1b4ac16,PRDfb8bacb6,Derma V10 Cocoa Body Butter,Derma V10 Body Butter Moisturising Cream Vegan Friendly (Coconut),Derma V10,Derma V10,Body Butter,,,4.0,pack,1.49,8.1,GBP,GBP,Wilko,Amazon.co.uk - Amazon.co.uk-Seller,89.2,69.19,68.5,70.22,100.0,50.0
PRD8ed88d88,PRDfb8bacb6,Derma V10 Body Butter Coconut,Derma V10 Body Butter Moisturising Cream Vegan Friendly (Coconut),Derma V10,Derma V10,Body Butter,220.0,ml,4.0,pack,3.99,8.1,GBP,GBP,Amazon.co.uk - Amazon.co.uk-Seller,Amazon.co.uk - Amazon.co.uk-Seller,94.3,84.34,82.22,87.51,100.0,0.0
PRD67541c15,PRD0ac1e5bb,Tree Hut Watermelon Whipped Body Butter,Tree Hut Whipped Body Butter Vanilla,Tree Hut,Tree Hut,Body Butter,,,,,11.99,11.99,GBP,GBP,Boots.com,Boots.com,100.0,80.35,81.07,79.26,100.0,50.0
PRD67541c15,PRD7afe8a16,Tree Hut Watermelon Whipped Body Butter,Tree Hut Coco Colada Whipped Body Butter,Tree Hut,Tree Hut,Body Butter,,,,,11.99,11.99,GBP,GBP,Boots.com,Boots.com,98.3,78.3,75.15,83.02,100.0,50.0
PRD67541c15,PRD8fe440bd,Tree Hut Watermelon Whipped Body Butter,Tree Hut Tropic Glow Whipped Body Butter,Tree Hut,Tree Hut,Body Butter,,,,,11.99,11.99,GBP,GBP,Boots.com,Boots.com,97.3,77.3,75.15,80.52,100.0,50.0
PRD67541c15,PRD4a89a3ef,Tree Hut Watermelon Whipped Body Butter,Tree Hut Moroccan Rose Whipped Body Butter,Tree Hut,Tree Hut,Body Butter,,,,,11.99,15.99,GBP,GBP,Boots.com,Boots.com,96.7,76.71,75.15,79.06,100.0,50.0
PRD67541c15,PRD3e158b60,Tree Hut Watermelon Whipped Body Butter,Tree Hut Whipped Body Butter,Tree Hut,Tree Hut,Body Butter,,,,,11.99,15.99,GBP,GBP,Boots.com,Holland & Barrett,100.0,91.21,93.33,88.02,100.0,50.0
PRD67541c15,PRD3b9ce914,Tree Hut Watermelon Whipped Body Butter,Tree Hut Tropic Glow Firming Whipped Body Butter,Tree Hut,Tree Hut,Body Butter,,,,,11.99,15.99,GBP,GBP,Boots.com,Holland & Barrett,94.9,74.92,72.37,78.75,100.0,50.0
PRDf2b13eb3,PRD8ce93f8d,I Love Coconut & Cream Body Butter,I Love Cosmetics Vanilla Milk Body Butter,I Love,I Love,Body Butter,,,,,2.49,9.99,GBP,GBP,Wilko,Amazon.co.uk - Amazon.co.uk-Seller,88.6,68.62,60.98,80.08,100.0,50.0
PRD0ac1e5bb,PRD7afe8a16,Tree Hut Whipped Body Butter Vanilla,Tree Hut Coco Colada Whipped Body Butter,Tree Hut,Tree Hut,Body Butter,,,,,11.99,11.99,GBP,GBP,Boots.com,Boots.com,100.0,80.11,77.5,84.03,100.0,50.0
PRD0ac1e5bb,PRD8fe440bd,Tree Hut Whipped Body Butter Vanilla,Tree Hut Tropic Glow Whipped Body Butter,Tree Hut,Tree Hut,Body Butter,,,,,11.99,11.99,GBP,GBP,Boots.com,Boots.com,99.1,79.06,77.5,81.4,100.0,50.0
PRD0ac1e5bb,PRD4a89a3ef,Tree Hut Whipped Body Butter Vanilla,Tree Hut Moroccan Rose Whipped Body Butter,Tree Hut,Tree Hut,Body Butter,,,,,11.99,15.99,GBP,GBP,Boots.com,Boots.com,96.9,76.86,77.5,75.89,100.0,50.0
PRD0ac1e5bb,PRD3e158b60,Tree Hut Whipped Body Butter Vanilla,Tree Hut Whipped Body Butter,Tree Hut,Tree Hut,Body Butter,,,,,11.99,15.99,GBP,GBP,Boots.com,Holland & Barrett,100.0,91.97,93.33,89.92,100.0,50.0
PRD0ac1e5bb,PRD3b9ce914,Tree Hut Whipped Body Butter Vanilla,Tree Hut Tropic Glow Firming Whipped Body Butter,Tree Hut,Tree Hut,Body Butter,,,,,11.99,15.99,GBP,GBP,Boots.com,Holland & Barrett,96.0,76.05,74.72,78.03,100.0,50.0
PRDab6f59b8,PRD07b14a1b,Palmer's Cocoa Butter Formula,Palmer's Cocoa Butter Formula Body Lotion,Palmer's Cocoa,Palmer's Cocoa,Body Butter,,,,,4.3,6.0,GBP,GBP,Tesco,Tesco,100.0,85.7,88.57,81.4,100.0,50.0
PRDab6f59b8,PRD30f1d99b,Palmer's Cocoa Butter Formula,Palmer's Cocoa Butter Formula Tummy Butter For Stretch Marks,Palmer's Cocoa,Palmer's Cocoa,Body Butter,,,,,4.3,6.99,GBP,GBP,Tesco,spotofglam.co.uk,98.1,78.09,82.22,71.9,100.0,50.0
PRDab6f59b8,PRD8ddeb742,Palmer's Cocoa Butter Formula,Palmer's Cocoa Butter Formula Lotion,Palmer's Cocoa,Palmer's Cocoa,Body Butter,,,,,4.3,4.49,GBP,GBP,Tesco,Boots.com,100.0,90.58,93.33,86.45,100.0,50.0
PRDad80f5ee,PRD47ea1152,Soap & Glory Limited Edition Body Butter Cherry Wild,Soap & Glory Berry & Bright Body Butter,Soap,Soap,Body Butter,200.0,ml,200.0,ml,5.99,6.0,GBP,GBP,Boots.com,Boots.com,100.0,69.44,62.32,80.12,100.0,100.0
PRDad80f5ee,PRDa783e838,Soap & Glory Limited Edition Body Butter Cherry Wild,Soap & Glory Limited Edition Fresh As Fig Body Butter,Soap,Soap,Body Butter,200.0,ml,,,5.99,5.99,GBP,GBP,Boots.com,Boots.com,95.3,75.26,73.64,77.7,100.0,50.0
PRD78142e75,PRD9f935292,Sanctuary Spa Signature Natural Oils Melting Pearl Body Butter,Sanctuary Spa Golden Sandalwood Melting Body Butter,Sanctuary Spa,Sanctuary Spa,Body Butter,300.0,ml,,,16.0,15.99,GBP,GBP,Ocado,Superdrug.com,88.7,68.72,65.32,73.82,100.0,50.0
PRD78142e75,PRDd987acec,Sanctuary Spa Signature Natural Oils Melting Pearl Body Butter,Sanctuary Spa Body Butter,Sanctuary Spa,Sanctuary Spa,Body Butter,300.0,ml,,,16.0,13.0,GBP,GBP,Ocado,Boots.com,93.4,73.41,77.78,66.86,100.0,50.0
PRD47ea1152,PRDe4842ed8,Soap & Glory Berry & Bright Body Butter,Soap & Glory Original The Righteous Butter Body Lotion,Soap,Soap,Body Butter,200.0,ml,,,6.0,3.66,GBP,GBP,Boots.com,eBay,88.3,68.25,62.32,77.16,100.0,50.0
PRD47ea1152,PRD30a3b49a,Soap & Glory Berry & Bright Body Butter,Soap & Glory MAGNIFI-COCO Body Butter,Soap,Soap,Body Butter,200.0,ml,,,6.0,7.49,GBP,GBP,Boots.com,Boots.com,90.6,70.64,66.32,77.12,100.0,50.0
PRD47ea1152,PRD1e2d2b20,Soap & Glory Berry & Bright Body Butter,Soap & Glory Call of Fruity Body Butter,Soap,Soap,Body Butter,200.0,ml,,,6.0,7.49,GBP,GBP,Boots.com,Boots.com,93.3,73.27,64.09,87.02,100.0,50.0
PRD47ea1152,PRDd4a6232d,Soap & Glory Berry & Bright Body Butter,Soap & Glory The Righteous Butter Body Butter,Soap,Soap,Body Butter,200.0,ml,,,6.0,7.49,GBP,GBP,Boots.com,Boots.com,92.5,72.46,67.32,80.15,100.0,50.0
PRD47ea1152,PRDeff54c48,Soap & Glory Berry & Bright Body Butter,Soap and Glory The Righteous Body Butter,Soap,Soap,Body Butter,200.0,ml,,,6.0,9.99,GBP,GBP,Boots.com,Boots.com,88.1,68.12,64.18,74.03,100.0,50.0
PRD47ea1152,PRDd4a6232d,Soap & Glory Berry & Bright Body Butter,Soap & Glory The Righteous Butter Body Butter,Soap,Soap,Body Butter,200.0,ml,,,6.0,49.85,GBP,GBP,Boots.com,eBay - jadashats-us,92.5,72.46,67.32,80.15,100.0,50.0
PRD913efd69,PRD9f935292,Sanctuary Spa Lily & Rose Body Butter,Sanctuary Spa Golden Sandalwood Melting Body Butter,Sanctuary Spa,Sanctuary Spa,Body Butter,,,,,13.0,15.99,GBP,GBP,Boots.com,Superdrug.com,89.6,69.59,67.78,72.31,100.0,50.0
PRD913efd69,PRDd987acec,Sanctuary Spa Lily & Rose Body Butter,Sanctuary Spa Body Butter,Sanctuary Spa,Sanctuary Spa,Body Butter,,,,,13.0,13.0,GBP,GBP,Boots.com,Boots.com,100.0,85.58,86.67,83.95,100.0,50.0
PRDe4842ed8,PRDd4a6232d,Soap & Glory Original The Righteous Butter Body Lotion,Soap & Glory The Righteous Butter Body Butter,Soap,Soap,Body Butter,,,,,3.66,7.49,GBP,GBP,eBay,Boots.com,100.0,88.4,90.0,86.0,100.0,50.0
PRDe4842ed8,PRDeff54c48,Soap & Glory Original The Righteous Butter Body Lotion,Soap and Glory The Righteous Body Butter,Soap,Soap,Body Butter,,,,,3.66,9.99,GBP,GBP,eBay,Boots.com,100.0,83.97,83.51,84.67,100.0,50.0
PRDe4842ed8,PRDd4a6232d,Soap & Glory Original The Righteous Butter Body Lotion,Soap & Glory The Righteous Butter Body Butter,Soap,Soap,Body Butter,,,,,3.66,49.85,GBP,GBP,eBay,eBay - jadashats-us,100.0,88.4,90.0,86.0,100.0,50.0
PRDe4842ed8,PRDa2063a8c,Soap & Glory Original The Righteous Butter Body Lotion,Soap & And Glory The Righteous Body Butter,Soap,Soap,Body Butter,,,600.0,ml,3.66,20.39,GBP,GBP,eBay,eBay - zorilus7,100.0,83.97,83.51,84.67,100.0,50.0
PRD07b14a1b,PRD30f1d99b,Palmer's Cocoa Butter Formula Body Lotion,Palmer's Cocoa Butter Formula Tummy Butter For Stretch Marks,Palmer's Cocoa,Palmer's Cocoa,Body Butter,,,,,6.0,6.99,GBP,GBP,Tesco,spotofglam.co.uk,90.1,70.06,67.9,73.32,100.0,50.0
PRD07b14a1b,PRD8ddeb742,Palmer's Cocoa Butter Formula Body Lotion,Palmer's Cocoa Butter Formula Lotion,Palmer's Cocoa,Palmer's Cocoa,Body Butter,,,,,6.0,4.49,GBP,GBP,Tesco,Boots.com,100.0,95.5,94.29,97.33,100.0,50.0
PRD7afe8a16,PRD8fe440bd,Tree Hut Coco Colada Whipped Body Butter,Tree Hut Tropic Glow Whipped Body Butter,Tree Hut,Tree Hut,Body Butter,,,,,11.99,11.99,GBP,GBP,Boots.com,Boots.com,95.2,75.19,71.63,80.51,100.0,50.0
PRD7afe8a16,PRD4a89a3ef,Tree Hut Coco Colada Whipped Body Butter,Tree Hut Moroccan Rose Whipped Body Butter,Tree Hut,Tree Hut,Body Butter,,,,,11.99,15.99,GBP,GBP,Boots.com,Boots.com,93.7,73.73,71.63,76.87,100.0,50.0
PRD7afe8a16,PRD3e158b60,Tree Hut Coco Colada Whipped Body Butter,Tree Hut Whipped Body Butter,Tree Hut,Tree Hut,Body Butter,,,,,11.99,15.99,GBP,GBP,Boots.com,Holland & Barrett,100.0,88.69,88.57,88.87,100.0,50.0
PRD7afe8a16,PRD3b9ce914,Tree Hut Coco Colada Whipped Body Butter,Tree Hut Tropic Glow Firming Whipped Body Butter,Tree Hut,Tree Hut,Body Butter,,,,,11.99,15.99,GBP,GBP,Boots.com,Holland & Barrett,93.2,73.2,69.41,78.87,100.0,50.0
PRDa783e838,PRD30a3b49a,Soap & Glory Limited Edition Fresh As Fig Body Butter,Soap & Glory MAGNIFI-COCO Body Butter,Soap,Soap,Body Butter,,,,,5.99,7.49,GBP,GBP,Boots.com,Boots.com,88.2,68.16,60.86,79.1,100.0,50.0
PRD8487deca,PRD8730dbc2,The Body Shop British Rose Body Butter,The Body Shop Mango Body Butter,The Body,The Body,Body Butter,,,,,4.99,4.07,GBP,GBP,Perfumes Club UK,Perfumes Club UK,96.1,76.07,75.03,77.62,100.0,50.0
PRD8487deca,PRD9cbc695a,The Body Shop British Rose Body Butter,The Body Shop Coconut Body Butter,The Body,The Body,Body Butter,,,,,4.99,17.47,GBP,GBP,Perfumes Club UK,Amazon.co.uk - Amazon.co.uk-Seller,94.5,74.47,72.86,76.88,100.0,50.0
PRD8fe440bd,PRD4a89a3ef,Tree Hut Tropic Glow Whipped Body Butter,Tree Hut Moroccan Rose Whipped Body Butter,Tree Hut,Tree Hut,Body Butter,,,,,11.99,15.99,GBP,GBP,Boots.com,Boots.com,94.0,74.0,71.63,77.55,100.0,50.0
PRD8fe440bd,PRD3e158b60,Tree Hut Tropic Glow Whipped Body Butter,Tree Hut Whipped Body Butter,Tree Hut,Tree Hut,Body Butter,,,,,11.99,15.99,GBP,GBP,Boots.com,Holland & Barrett,100.0,88.65,88.57,88.77,100.0,50.0
PRD8fe440bd,PRD3b9ce914,Tree Hut Tropic Glow Whipped Body Butter,Tree Hut Tropic Glow Firming Whipped Body Butter,Tree Hut,Tree Hut,Body Butter,,,,,11.99,15.99,GBP,GBP,Boots.com,Holland & Barrett,100.0,95.32,95.0,95.81,100.0,50.0
PRD4a89a3ef,PRD3e158b60,Tree Hut Moroccan Rose Whipped Body Butter,Tree Hut Whipped Body Butter,Tree Hut,Tree Hut,Body Butter,,,,,15.99,15.99,GBP,GBP,Boots.com,Holland & Barrett,100.0,86.82,88.57,84.19,100.0,50.0
PRD4a89a3ef,PRD3b9ce914,Tree Hut Moroccan Rose Whipped Body Butter,Tree Hut Tropic Glow Firming Whipped Body Butter,Tree Hut,Tree Hut,Body Butter,,,,,15.99,15.99,GBP,GBP,Boots.com,Holland & Barrett,91.3,71.35,68.0,76.36,100.0,50.0
PRD88f67225,PRD13d1af7c,Organic Shop Nurturing Body Cream Blueberry & Blackberry,Organic Shop Nurturing Body Cream Blueberry&Blackberry,Organic Shop,Organic Shop,Body Butter,250.0,ml,,,2.25,2.25,GBP,GBP,Superdrug.com,Superdrug.com,100.0,100.0,100.0,100.0,100.0,50.0
PRD30a3b49a,PRD1e2d2b20,Soap & Glory MAGNIFI-COCO Body Butter,Soap & Glory Call of Fruity Body Butter,Soap,Soap,Body Butter,,,,,7.49,7.49,GBP,GBP,Boots.com,Boots.com,89.0,68.96,64.09,76.26,100.0,50.0
PRD30a3b49a,PRDd4a6232d,Soap & Glory MAGNIFI-COCO Body Butter,Soap & Glory The Righteous Butter Body Butter,Soap,Soap,Body Butter,,,,,7.49,7.49,GBP,GBP,Boots.com,Boots.com,88.0,68.02,66.32,70.58,100.0,50.0
PRD30a3b49a,PRDd4a6232d,Soap & Glory MAGNIFI-COCO Body Butter,Soap & Glory The Righteous Butter Body Butter,Soap,Soap,Body Butter,,,,,7.49,49.85,GBP,GBP,Boots.com,eBay - jadashats-us,88.0,68.02,66.32,70.58,100.0,50.0
PRD8730dbc2,PRD9cbc695a,The Body Shop Mango Body Butter,The Body Shop Coconut Body Butter,The Body,The Body,Body Butter,,,,,4.07,17.47,GBP,GBP,Perfumes Club UK,Amazon.co.uk - Amazon.co.uk-Seller,100.0,82.18,78.84,87.2,100.0,50.0
PRD9f935292,PRDd987acec,Sanctuary Spa Golden Sandalwood Melting Body Butter,Sanctuary Spa Body Butter,Sanctuary Spa,Sanctuary Spa,Body Butter,,,,,15.99,13.0,GBP,GBP,Superdrug.com,Boots.com,100.0,81.43,82.86,79.29,100.0,50.0
PRD7d4c7911,PRDe20ca495,Burst Bodycare Aloe Body Butter,Burst Bodycare Orange Body Butter,Burst Bodycare,Burst Bodycare,Body Butter,,,200.0,ml,8.0,8.0,GBP,GBP,M&S,M&S,100.0,80.28,81.4,78.59,100.0,50.0
PRD9e755525,PRDdd7f4e85,Mallows Beauty Mango Sorbet Body Butter,Mallows Beauty Birthday Cake Body Butter,Mallows Beauty,Mallows Beauty,Body Butter,,,,,14.95,14.95,GBP,GBP,Amazon.co.uk - Amazon.co.uk-Seller,Amazon.co.uk - Amazon.co.uk-Seller,90.8,70.8,68.0,75.0,100.0,50.0
PRD3e158b60,PRD3b9ce914,Tree Hut Whipped Body Butter,Tree Hut Tropic Glow Firming Whipped Body Butter,Tree Hut,Tree Hut,Body Butter,,,,,15.99,15.99,GBP,GBP,Holland & Barrett,Holland & Barrett,100.0,85.49,85.0,86.22,100.0,50.0
PRD6379ecfc,PRD498ac8dd,Mallows Beauty I'm A Mallows Girl Body Butter,Mallows Beauty AHA Peachy Body Butter,Mallows Beauty,Mallows Beauty,Body Butter,,,,,14.95,11.95,GBP,GBP,Mallows Beauty,Boots.com,94.2,74.19,65.52,87.19,100.0,50.0
PRD6379ecfc,PRDdd7f4e85,Mallows Beauty I'm A Mallows Girl Body Butter,Mallows Beauty Birthday Cake Body Butter,Mallows Beauty,Mallows Beauty,Body Butter,,,,,14.95,14.95,GBP,GBP,Mallows Beauty,Amazon.co.uk - Amazon.co.uk-Seller,90.0,70.0,65.52,76.7,100.0,50.0
PRDfd3ca522,PRD8ce93f8d,I Love Cosmetics Women's English Rose Body Butter,I Love Cosmetics Vanilla Milk Body Butter,I Love,I Love,Body Butter,,,,,7.99,9.99,GBP,GBP,Amazon.co.uk - Amazon.co.uk-Seller,Amazon.co.uk - Amazon.co.uk-Seller,90.3,70.35,66.88,75.55,100.0,50.0
PRDfd3ca522,PRDa700eca3,I Love Cosmetics Women's English Rose Body Butter,I Love Cosmetics Body Butter Mango & Papaya,I Love,I Love,Body Butter,,,,,7.99,5.99,GBP,GBP,Amazon.co.uk - Amazon.co.uk-Seller,Amazon.co.uk - Amazon.co.uk-Seller,88.3,68.35,66.88,70.55,100.0,50.0
PRD4e398236,PRD59be1a2b,Dr Shea Shimmer Vanilla Shea Butter Body Butter,Dr. Shea Body Butter Confident Coconut Moisturizing Body Cream,Dr Shea,Dr. Shea,Body Butter,,,,,14.99,14.99,GBP,GBP,Share the Shea,Amazon.co.uk - Amazon.co.uk-Seller,92.9,62.91,58.22,69.95,100.0,50.0
PRD1e2d2b20,PRDd4a6232d,Soap & Glory Call of Fruity Body Butter,Soap & Glory The Righteous Butter Body Butter,Soap,Soap,Body Butter,,,,,7.49,7.49,GBP,GBP,Boots.com,Boots.com,90.8,70.81,63.3,82.09,100.0,50.0
PRD1e2d2b20,PRDd4a6232d,Soap & Glory Call of Fruity Body Butter,Soap & Glory The Righteous Butter Body Butter,Soap,Soap,Body Butter,,,,,7.49,49.85,GBP,GBP,Boots.com,eBay - jadashats-us,90.8,70.81,63.3,82.09,100.0,50.0
PRD498ac8dd,PRDdd7f4e85,Mallows Beauty AHA Peachy Body Butter,Mallows Beauty Birthday Cake Body Butter,Mallows Beauty,Mallows Beauty,Body Butter,,,,,11.95,14.95,GBP,GBP,Boots.com,Amazon.co.uk - Amazon.co.uk-Seller,94.2,74.18,69.52,81.17,100.0,50.0
PRDd4a6232d,PRDeff54c48,Soap & Glory The Righteous Butter Body Butter,Soap and Glory The Righteous Body Butter,Soap,Soap,Body Butter,,,,,7.49,9.99,GBP,GBP,Boots.com,Boots.com,100.0,95.1,94.29,96.33,100.0,50.0
PRDd4a6232d,PRDa2063a8c,Soap & Glory The Righteous Butter Body Butter,Soap & And Glory The Righteous Body Butter,Soap,Soap,Body Butter,,,600.0,ml,7.49,20.39,GBP,GBP,Boots.com,eBay - zorilus7,100.0,95.1,94.29,96.33,100.0,50.0
PRDeff54c48,PRDd4a6232d,Soap and Glory The Righteous Body Butter,Soap & Glory The Righteous Butter Body Butter,Soap,Soap,Body Butter,,,,,9.99,49.85,GBP,GBP,Boots.com,eBay - jadashats-us,100.0,95.1,94.29,96.33,100.0,50.0
PRDeff54c48,PRDa2063a8c,Soap and Glory The Righteous Body Butter,Soap & And Glory The Righteous Body Butter,Soap,Soap,Body Butter,,,600.0,ml,9.99,20.39,GBP,GBP,Boots.com,eBay - zorilus7,100.0,100.0,100.0,100.0,100.0,50.0
PRDa007b882,PRD337887dc,Mango Butter Refined,Mango Butter Refined / Resealable Pouch,Mango Butter,Mango Butter,Body Butter,,,25.0,g,12.99,3.19,GBP,GBP,Naissance UK,TheSoapery,100.0,78.67,84.0,70.68,100.0,50.0
PRDa007b882,PRDad74e0eb,Mango Butter Refined,Mango Butter,Mango Butter,Mango Butter,Body Butter,,,,,12.99,4.45,GBP,GBP,Naissance UK,Aromantic,100.0,86.46,86.67,86.15,100.0,50.0
PRDfbf2977a,PRD8a71614b,Shea Butter Refined,Shea Butter – Refined Resealable Pouch,Shea Butter,Shea Butter,Body Butter,,,,,8.1,30.95,GBP,GBP,The Soap Kitchen,TheSoapery,100.0,78.96,84.0,71.41,100.0,50.0
PRDc1aa7d48,PRD936bfd10,"Grace Cole Grapefruit, Lime & Mint Body Butter",Grace Cole Body Butter Grapefruit,Grace Cole,Grace Cole,Body Butter,,,225.0,g,10.0,10.0,GBP,GBP,Grace Cole,Grace Cole,100.0,89.85,88.57,91.76,100.0,50.0
PRDf098e420,PRDdc65729d,Body Butter For Dry Skin Mango (body Butter),Body Butter with Mango Butter – Lime,Body Butter,Body Butter,Body Butter,50.0,ml,,,24.91,7.99,GBP,GBP,eBay - onebioshopcom,Handmade Fever,99.5,69.5,61.36,81.7,100.0,50.0
PRDf098e420,PRDf1b0c5d0,Body Butter For Dry Skin Mango (body Butter),Body Butter with Mango Butter – Patchouli and Orange,Body Butter,Body Butter,Body Butter,50.0,ml,,,24.91,7.99,GBP,GBP,eBay - onebioshopcom,Handmade Fever,94.9,64.92,55.4,79.19,100.0,50.0
PRDd4a6232d,PRDa2063a8c,Soap & Glory The Righteous Butter Body Butter,Soap & And Glory The Righteous Body Butter,Soap,Soap,Body Butter,,,600.0,ml,49.85,20.39,GBP,GBP,eBay - jadashats-us,eBay - zorilus7,100.0,95.1,94.29,96.33,100.0,50.0
PRD09d04044,PRD6f3fe59b,Bronnley Eclectic Elements Body Butter,Bronnley Eclectic Elements Zealous Flower Body Butter,Bronnley Eclectic,Bronnley Eclectic,Body Butter,200.0,ml,200.0,ml,13.36,13.36,GBP,GBP,eBay,eBay,100.0,87.99,88.57,87.12,100.0,100.0
PRDdc65729d,PRDf1b0c5d0,Body Butter with Mango Butter – Lime,Body Butter with Mango Butter – Patchouli and Orange,Body Butter,Body Butter,Body Butter,,,,,7.99,7.99,GBP,GBP,Handmade Fever,Handmade Fever,100.0,78.86,73.88,86.34,100.0,50.0
PRD30aa3e75,PRDaabefebb,NATURE WELL Shea Body Butter Variety Pack Includes Grapefruit,Nature Well Shea Body Butter Variety Pack,NATURE WELL,Nature Well,Body Butter,,,,,26.7,26.7,GBP,GBP,eBay - checkmystores,eBay - checkmystores,100.0,83.57,91.11,72.25,100.0,50.0
PRD337887dc,PRDad74e0eb,Mango Butter Refined / Resealable Pouch,Mango Butter,Mango Butter,Mango Butter,Body Butter,25.0,g,,,3.19,4.45,GBP,GBP,TheSoapery,Aromantic,99.5,69.46,76.0,59.64,100.0,50.0
PRD30f1d99b,PRD8ddeb742,Palmer's Cocoa Butter Formula Tummy Butter For Stretch Marks,Palmer's Cocoa Butter Formula Lotion,Palmer's Cocoa,Palmer's Cocoa,Body Butter,,,,,6.99,4.49,GBP,GBP,spotofglam.co.uk,Boots.com,93.4,73.44,73.54,73.29,100.0,50.0
PRD9121603a,PRD5748515a,Josie Maran Whipped Argan Oil Body Butter Apricot And Magnolia 4.6 Fl,Josie Maran Whipped Argan Oil Body Butter Vanilla Apricot,Josie Maran,Josie Maran,Body Butter,,,4.6,oz,26.73,22.23,GBP,GBP,eBay - beauty4less70,eBay - jhm_cosmetics_n_stuff,100.0,82.01,78.33,87.52,100.0,50.0
PRDc6b2dce0,PRDf57f1fc4,Kitsch Rice Water Protein Conditioner Bar,Kitsch Strengthening Hair Conditioner Bar with Rice Water Protein | Made in US | Eco-Friendly Cleansing and Moisturizing,Kitsch,Kitsch,Conditioner Bar,,,,,8.44,21.01,GBP,GBP,Amazon.co.uk - Amazon.co.uk-Seller,OnBuy.com,94.8,74.79,74.12,75.81,100.0,50.0
PRDcd1840e0,PRDcdd158d6,Friendly Soap Conditioner Bar Fragrance Free,Friendly Soap Conditioner Bar Lavender & Geranium,Friendly Soap,Friendly Soap,Conditioner Bar,,,,,8.99,9.99,GBP,GBP,Friendly Soap,Amazon.co.uk - Amazon.co.uk-Seller,90.8,70.76,68.79,73.73,100.0,50.0
PRDcd1840e0,PRDcdd158d6,Friendly Soap Conditioner Bar Fragrance Free,Friendly Soap Conditioner Bar Lavender & Geranium,Friendly Soap,Friendly Soap,Conditioner Bar,,,,,8.99,8.99,GBP,GBP,Friendly Soap,Friendly Soap,90.8,70.76,68.79,73.73,100.0,50.0
PRDcd1840e0,PRD392d044d,Friendly Soap Conditioner Bar Fragrance Free,Friendly Soap Lavender Tea Tree Conditioner Bar,Friendly Soap,Friendly Soap,Conditioner Bar,,,,,8.99,9.62,GBP,GBP,Friendly Soap,Amazon.co.uk - Amazon.co.uk-Seller,89.2,69.19,66.57,73.13,100.0,50.0
PRDcd1840e0,PRD24f16863,Friendly Soap Conditioner Bar Fragrance Free,Friendly Soap Conditioner Bar Peppermint & Eucalyptus,Friendly Soap,Friendly Soap,Conditioner Bar,,,,,8.99,8.99,GBP,GBP,Friendly Soap,REGN,90.4,70.38,67.67,74.44,100.0,50.0
PRDcd1840e0,PRD9e61c9a7,Friendly Soap Conditioner Bar Fragrance Free,Friendly Soap Lavender & Geranium Conditioner Bar,Friendly Soap,Friendly Soap,Conditioner Bar,,,,,8.99,8.99,GBP,GBP,Friendly Soap,C & G Natural Beauty Shop,90.3,70.29,68.79,72.53,100.0,50.0
PRDcd1840e0,PRDa1991032,Friendly Soap Conditioner Bar Fragrance Free,Friendly Soap Conditioner Bar - Fragrance-free,Friendly Soap,Friendly Soap,Conditioner Bar,,,90.0,g,8.99,33.22,GBP,GBP,Friendly Soap,eBay - gudz_uk,100.0,100.0,100.0,100.0,100.0,50.0
PRDcd1840e0,PRD28257c33,Friendly Soap Conditioner Bar Fragrance Free,Friendly Soap Conditioner Bar - Lavender & Tea Tree,Friendly Soap,Friendly Soap,Conditioner Bar,,,90.0,g,8.99,33.22,GBP,GBP,Friendly Soap,eBay - gudz_uk,89.1,69.06,66.57,72.79,100.0,50.0
PRDcd1840e0,PRD99303b82,Friendly Soap Conditioner Bar Fragrance Free,Conditioner Bar - - Lavender & Geranium | Friendly Soap,Friendly Soap,Friendly Soap,Conditioner Bar,,,12.0,pack,8.99,91.7,GBP,GBP,Friendly Soap,Friendly Soap,90.7,70.7,68.79,73.57,100.0,50.0
PRDcd1840e0,PRD8e54123b,Friendly Soap Conditioner Bar Fragrance Free,Conditioner Bar - - Peppermint & Eucalyptus | Friendly Soap,Friendly Soap,Friendly Soap,Conditioner Bar,,,12.0,pack,8.99,91.7,GBP,GBP,Friendly Soap,Friendly Soap,89.9,69.93,67.67,73.32,100.0,50.0
PRDcdd158d6,PRD392d044d,Friendly Soap Conditioner Bar Lavender & Geranium,Friendly Soap Lavender Tea Tree Conditioner Bar,Friendly Soap,Friendly Soap,Conditioner Bar,,,,,9.99,9.62,GBP,GBP,Amazon.co.uk - Amazon.co.uk-Seller,Amazon.co.uk - Amazon.co.uk-Seller,100.0,80.81,78.65,84.04,100.0,50.0
PRDcdd158d6,PRD24f16863,Friendly Soap Conditioner Bar Lavender & Geranium,Friendly Soap Conditioner Bar Peppermint & Eucalyptus,Friendly Soap,Friendly Soap,Conditioner Bar,,,,,9.99,8.99,GBP,GBP,Amazon.co.uk - Amazon.co.uk-Seller,REGN,89.3,69.27,65.79,74.49,100.0,50.0
PRDcdd158d6,PRD9e61c9a7,Friendly Soap Conditioner Bar Lavender & Geranium,Friendly Soap Lavender & Geranium Conditioner Bar,Friendly Soap,Friendly Soap,Conditioner Bar,,,,,9.99,8.99,GBP,GBP,Amazon.co.uk - Amazon.co.uk-Seller,C & G Natural Beauty Shop,100.0,99.51,100.0,98.78,100.0,50.0
PRDcdd158d6,PRDa1991032,Friendly Soap Conditioner Bar Lavender & Geranium,Friendly Soap Conditioner Bar - Fragrance-free,Friendly Soap,Friendly Soap,Conditioner Bar,,,90.0,g,9.99,33.22,GBP,GBP,Amazon.co.uk - Amazon.co.uk-Seller,eBay - gudz_uk,90.8,70.76,68.79,73.73,100.0,50.0
PRDcdd158d6,PRD28257c33,Friendly Soap Conditioner Bar Lavender & Geranium,Friendly Soap Conditioner Bar - Lavender & Tea Tree,Friendly Soap,Friendly Soap,Conditioner Bar,,,90.0,g,9.99,33.22,GBP,GBP,Amazon.co.uk - Amazon.co.uk-Seller,eBay - gudz_uk,100.0,80.56,78.65,83.43,100.0,50.0
PRDcdd158d6,PRD99303b82,Friendly Soap Conditioner Bar Lavender & Geranium,Conditioner Bar - - Lavender & Geranium | Friendly Soap,Friendly Soap,Friendly Soap,Conditioner Bar,,,12.0,pack,9.99,91.7,GBP,GBP,Amazon.co.uk - Amazon.co.uk-Seller,Friendly Soap,100.0,99.37,100.0,98.43,100.0,50.0
PRDcdd158d6,PRD8e54123b,Friendly Soap Conditioner Bar Lavender & Geranium,Conditioner Bar - - Peppermint & Eucalyptus | Friendly Soap,Friendly Soap,Friendly Soap,Conditioner Bar,,,12.0,pack,9.99,91.7,GBP,GBP,Amazon.co.uk - Amazon.co.uk-Seller,Friendly Soap,88.9,68.87,65.79,73.49,100.0,50.0
PRD23f40b89,PRD24781688,Kitsch Castor Oil Nourishing Conditioner Bar,Kitsch Coconut Oil Deep Moisturizing Conditioner Bar,Kitsch,Kitsch,Conditioner Bar,,,,,12.0,11.0,GBP,GBP,Next,Kitsch,90.1,70.06,64.03,79.1,100.0,50.0
PRDcdd158d6,PRD392d044d,Friendly Soap Conditioner Bar Lavender & Geranium,Friendly Soap Lavender Tea Tree Conditioner Bar,Friendly Soap,Friendly Soap,Conditioner Bar,,,,,8.99,9.62,GBP,GBP,Friendly Soap,Amazon.co.uk - Amazon.co.uk-Seller,100.0,80.81,78.65,84.04,100.0,50.0
PRDcdd158d6,PRD24f16863,Friendly Soap Conditioner Bar Lavender & Geranium,Friendly Soap Conditioner Bar Peppermint & Eucalyptus,Friendly Soap,Friendly Soap,Conditioner Bar,,,,,8.99,8.99,GBP,GBP,Friendly Soap,REGN,89.3,69.27,65.79,74.49,100.0,50.0
PRDcdd158d6,PRD9e61c9a7,Friendly Soap Conditioner Bar Lavender & Geranium,Friendly Soap Lavender & Geranium Conditioner Bar,Friendly Soap,Friendly Soap,Conditioner Bar,,,,,8.99,8.99,GBP,GBP,Friendly Soap,C & G Natural Beauty Shop,100.0,99.51,100.0,98.78,100.0,50.0
PRDcdd158d6,PRDa1991032,Friendly Soap Conditioner Bar Lavender & Geranium,Friendly Soap Conditioner Bar - Fragrance-free,Friendly Soap,Friendly Soap,Conditioner Bar,,,90.0,g,8.99,33.22,GBP,GBP,Friendly Soap,eBay - gudz_uk,90.8,70.76,68.79,73.73,100.0,50.0
PRDcdd158d6,PRD28257c33,Friendly Soap Conditioner Bar Lavender & Geranium,Friendly Soap Conditioner Bar - Lavender & Tea Tree,Friendly Soap,Friendly Soap,Conditioner Bar,,,90.0,g,8.99,33.22,GBP,GBP,Friendly Soap,eBay - gudz_uk,100.0,80.56,78.65,83.43,100.0,50.0
PRDcdd158d6,PRD99303b82,Friendly Soap Conditioner Bar Lavender & Geranium,Conditioner Bar - - Lavender & Geranium | Friendly Soap,Friendly Soap,Friendly Soap,Conditioner Bar,,,12.0,pack,8.99,91.7,GBP,GBP,Friendly Soap,Friendly Soap,100.0,99.37,100.0,98.43,100.0,50.0
PRDcdd158d6,PRD8e54123b,Friendly Soap Conditioner Bar Lavender & Geranium,Conditioner Bar - - Peppermint & Eucalyptus | Friendly Soap,Friendly Soap,Friendly Soap,Conditioner Bar,,,12.0,pack,8.99,91.7,GBP,GBP,Friendly Soap,Friendly Soap,88.9,68.87,65.79,73.49,100.0,50.0
PRD392d044d,PRD24f16863,Friendly Soap Lavender Tea Tree Conditioner Bar,Friendly Soap Conditioner Bar Peppermint & Eucalyptus,Friendly Soap,Friendly Soap,Conditioner Bar,,,,,9.62,8.99,GBP,GBP,Amazon.co.uk - Amazon.co.uk-Seller,REGN,90.5,70.47,63.57,80.81,100.0,50.0
PRD392d044d,PRD9e61c9a7,Friendly Soap Lavender Tea Tree Conditioner Bar,Friendly Soap Lavender & Geranium Conditioner Bar,Friendly Soap,Friendly Soap,Conditioner Bar,,,,,9.62,8.99,GBP,GBP,Amazon.co.uk - Amazon.co.uk-Seller,C & G Natural Beauty Shop,100.0,81.08,78.65,84.74,100.0,50.0
PRD392d044d,PRDa1991032,Friendly Soap Lavender Tea Tree Conditioner Bar,Friendly Soap Conditioner Bar - Fragrance-free,Friendly Soap,Friendly Soap,Conditioner Bar,,,90.0,g,9.62,33.22,GBP,GBP,Amazon.co.uk - Amazon.co.uk-Seller,eBay - gudz_uk,89.2,69.19,66.57,73.13,100.0,50.0
PRD392d044d,PRD28257c33,Friendly Soap Lavender Tea Tree Conditioner Bar,Friendly Soap Conditioner Bar - Lavender & Tea Tree,Friendly Soap,Friendly Soap,Conditioner Bar,,,90.0,g,9.62,33.22,GBP,GBP,Amazon.co.uk - Amazon.co.uk-Seller,eBay - gudz_uk,100.0,99.39,100.0,98.48,100.0,50.0
PRD392d044d,PRD99303b82,Friendly Soap Lavender Tea Tree Conditioner Bar,Conditioner Bar - - Lavender & Geranium | Friendly Soap,Friendly Soap,Friendly Soap,Conditioner Bar,,,12.0,pack,9.62,91.7,GBP,GBP,Amazon.co.uk - Amazon.co.uk-Seller,Friendly Soap,100.0,80.7,78.65,83.77,100.0,50.0
PRD392d044d,PRD8e54123b,Friendly Soap Lavender Tea Tree Conditioner Bar,Conditioner Bar - - Peppermint & Eucalyptus | Friendly Soap,Friendly Soap,Friendly Soap,Conditioner Bar,,,12.0,pack,9.62,91.7,GBP,GBP,Amazon.co.uk - Amazon.co.uk-Seller,Friendly Soap,90.0,69.96,63.57,79.55,100.0,50.0
PRDb5b5c690,PRDd4987f16,Folk Soap Conditioner Bar,Folk Soap Solid Conditioner Bar,Folk Soap,Folk Soap,Conditioner Bar,,,,,9.0,8.0,GBP,GBP,Folk Soap,Folk Soap,100.0,92.88,92.0,94.21,100.0,50.0
PRD24f16863,PRD9e61c9a7,Friendly Soap Conditioner Bar Peppermint & Eucalyptus,Friendly Soap Lavender & Geranium Conditioner Bar,Friendly Soap,Friendly Soap,Conditioner Bar,,,,,8.99,8.99,GBP,GBP,REGN,C & G Natural Beauty Shop,88.9,68.86,65.79,73.47,100.0,50.0
PRD24f16863,PRDa1991032,Friendly Soap Conditioner Bar Peppermint & Eucalyptus,Friendly Soap Conditioner Bar - Fragrance-free,Friendly Soap,Friendly Soap,Conditioner Bar,,,90.0,g,8.99,33.22,GBP,GBP,REGN,eBay - gudz_uk,90.4,70.38,67.67,74.44,100.0,50.0
PRD24f16863,PRD28257c33,Friendly Soap Conditioner Bar Peppermint & Eucalyptus,Friendly Soap Conditioner Bar - Lavender & Tea Tree,Friendly Soap,Friendly Soap,Conditioner Bar,,,90.0,g,8.99,33.22,GBP,GBP,REGN,eBay - gudz_uk,90.0,69.99,63.57,79.62,100.0,50.0
PRD24f16863,PRD99303b82,Friendly Soap Conditioner Bar Peppermint & Eucalyptus,Conditioner Bar - - Lavender & Geranium | Friendly Soap,Friendly Soap,Friendly Soap,Conditioner Bar,,,12.0,pack,8.99,91.7,GBP,GBP,REGN,Friendly Soap,89.2,69.18,65.79,74.27,100.0,50.0
PRD24f16863,PRD8e54123b,Friendly Soap Conditioner Bar Peppermint & Eucalyptus,Conditioner Bar - - Peppermint & Eucalyptus | Friendly Soap,Friendly Soap,Friendly Soap,Conditioner Bar,,,12.0,pack,8.99,91.7,GBP,GBP,REGN,Friendly Soap,100.0,99.37,100.0,98.43,100.0,50.0
PRD9e61c9a7,PRDa1991032,Friendly Soap Lavender & Geranium Conditioner Bar,Friendly Soap Conditioner Bar - Fragrance-free,Friendly Soap,Friendly Soap,Conditioner Bar,,,90.0,g,8.99,33.22,GBP,GBP,C & G Natural Beauty Shop,eBay - gudz_uk,90.3,70.29,68.79,72.53,100.0,50.0
PRD9e61c9a7,PRD28257c33,Friendly Soap Lavender & Geranium Conditioner Bar,Friendly Soap Conditioner Bar - Lavender & Tea Tree,Friendly Soap,Friendly Soap,Conditioner Bar,,,90.0,g,8.99,33.22,GBP,GBP,C & G Natural Beauty Shop,eBay - gudz_uk,100.0,80.04,78.65,82.12,100.0,50.0
PRD9e61c9a7,PRD99303b82,Friendly Soap Lavender & Geranium Conditioner Bar,Conditioner Bar - - Lavender & Geranium | Friendly Soap,Friendly Soap,Friendly Soap,Conditioner Bar,,,12.0,pack,8.99,91.7,GBP,GBP,C & G Natural Beauty Shop,Friendly Soap,100.0,99.02,100.0,97.54,100.0,50.0
PRD9e61c9a7,PRD8e54123b,Friendly Soap Lavender & Geranium Conditioner Bar,Conditioner Bar - - Peppermint & Eucalyptus | Friendly Soap,Friendly Soap,Friendly Soap,Conditioner Bar,,,12.0,pack,8.99,91.7,GBP,GBP,C & G Natural Beauty Shop,Friendly Soap,88.5,68.47,65.79,72.49,100.0,50.0
PRDff2e9b24,PRDc18dacd6,Ethique Wonderbar Conditioner Bar for Oily-Normal Hair-Mini,Ethique Wonderbar Conditioner Bar For Oily to Normal Hair,Ethique Wonderbar,Ethique Wonderbar,Conditioner Bar,,,,,3.5,12.99,GBP,GBP,New Zealand Nature - UK,Amazon.co.uk - Amazon.co.uk-Seller,100.0,91.54,90.38,93.29,100.0,50.0
PRD531eecf5,PRD1c1228d1,KinKind Give Me Strength Conditioner Bar,KinKind Give Me More Deep Conditioner Bar,KinKind Give,KinKind Give,Conditioner Bar,,,,,7.5,8.95,GBP,GBP,Amazon.co.uk - Amazon.co.uk-Seller,Amazon.co.uk - Amazon.co.uk-Seller,97.6,77.64,77.39,78.01,100.0,50.0
PRDd8cac166,PRD22ae5503,Superfly Soap Hair Conditioner Bar,Superfly Soap Solid Hair Conditioner Bar,Superfly Soap,Superfly Soap,Conditioner Bar,,,,,8.3,8.3,GBP,GBP,Amazon.co.uk - Amazon.co.uk-Seller,Amazon.co.uk - Amazon.co.uk-Seller,100.0,94.76,93.33,96.91,100.0,50.0
PRD03dcabb3,PRD2c4133ca,Nourishing Conditioner Bar,alott - nourishing conditioner bar,Nourishing Conditioner,,Conditioner Bar,,,,,7.0,16.0,GBP,GBP,Marigold Charms,Jjungl,88.6,88.62,90.0,86.56,50.0,50.0
PRDa43053ee,PRDbb255664,Bain & Savon Natural Conditioner Bar,Bain & Savon Natural Conditioner Bar Brittle Heat Damaged Hair,Bain,Bain,Conditioner Bar,,,105.0,g,9.0,9.0,GBP,GBP,Peace With The Wild,Peace With The Wild,96.4,76.39,82.22,67.64,100.0,50.0
PRD9d164e19,PRD949949da,The Soap Mine Solid Conditioner Bar,The Soap Mine Solid Conditioner Bar - Fragrance Free,The Soap,The Soap,Conditioner Bar,,,,,6.5,5.85,GBP,GBP,Eco Bee,Babi Pur,100.0,82.26,90.0,70.66,100.0,50.0
PRD9d164e19,PRD253e76e4,The Soap Mine Solid Conditioner Bar,The Soap Mine Solid Conditioner Bar - Lavender & Orange,The Soap,The Soap,Conditioner Bar,,,,,6.5,5.85,GBP,GBP,Eco Bee,Babi Pur,100.0,86.23,90.0,80.58,100.0,50.0
PRD5c42e109,PRD1f1b0352,Coconut Conditioner Bar,"Coconut Conditioner Bar - Rich Nourishing & Volumizing - Hair Moisturizing & Strengthening Solid Soap Bar, Plastic-Free, Silicone & Sulfate Free",Coconut Conditioner,Coconut Conditioner,Conditioner Bar,,,,,3.0,18.55,GBP,GBP,Independent Design Collective,Snapklik.com,88.9,68.93,68.0,70.33,100.0,50.0
PRD272cfb82,PRDa1005f77,Lemon Solid Conditioner Bar,Lemon Solid Conditioner - Hair & Bee Solid Conditioner Bar Conditioner bar in tin,Lemon Solid,Lemon Solid,Conditioner Bar,,,,,8.0,6.99,GBP,GBP,The Pampered Blue Bee,Bee Haven Bodycare & Gifts,100.0,81.53,80.0,83.82,100.0,50.0
PRDd44093d8,PRDd94aeaa8,Conditioner Bar for All Hair Types,Conditioner Bar for Thin Hair,Conditioner Bar,Conditioner Bar,Conditioner Bar,,,,,9.6,13.0,GBP,GBP,Owl & Bee UK,Local Boom Gift Shop,100.0,80.13,77.2,84.54,100.0,50.0
PRDd44093d8,PRD5cc056bd,Conditioner Bar for All Hair Types,Conditioner Bar for Hair Growth,Conditioner Bar,Conditioner Bar,Conditioner Bar,,,,,9.6,22.26,GBP,GBP,Owl & Bee UK,Snapklik.com,98.5,78.52,75.22,83.46,100.0,50.0
PRDc8e73bf0,PRDe4a75ca8,Hairy Jayne Musk Conditioner Bar,Hairy Jayne Solid Conditioner Bar,Hairy Jayne,Hairy Jayne,Conditioner Bar,,,,,8.0,9.0,GBP,GBP,Hairy Jayne,Zero Store,100.0,83.61,81.58,86.64,100.0,50.0
PRDce3bdf79,PRD20a91ac1,Notice Hair Co. Detoxifier Conditioner Bar,Notice Hair Co. Stimulator Conditioner Bar,Notice Hair,Notice Hair,Conditioner Bar,,,,,9.85,9.85,GBP,GBP,Cheeks Ahoy,Cheeks Ahoy,99.8,79.77,79.28,80.51,100.0,50.0
PRDc9b3c65a,PRD4f126442,Anihana Conditioner Bar Lavender & Lemon,(bulkx6) Anihana Conditioner Bar Lavender & Lemon -oily And Fine,Anihana Conditioner,,Conditioner Bar,60.0,g,60.0,g,6.0,114.93,GBP,GBP,HealthPost.co.nz,eBay,100.0,82.9,82.22,83.92,50.0,100.0
PRDb030f508,PRDc3647fd8,Conditioner Bar - Lavender & Amyris,CONDITIONER BAR LAVENDER - PURC CONDITIONER BAR LAVENDER CRUELTY FREE VEGAN CONDITIONER BAR,Conditioner Bar,CONDITIONER BAR,Conditioner Bar,,,,,10.0,18.55,GBP,GBP,Havens Treasures,pure-keratin.com,90.0,70.01,67.36,73.99,100.0,50.0
PRDd94aeaa8,PRD5cc056bd,Conditioner Bar for Thin Hair,Conditioner Bar for Hair Growth,Conditioner Bar,Conditioner Bar,Conditioner Bar,,,,,13.0,22.26,GBP,GBP,Local Boom Gift Shop,Snapklik.com,100.0,83.16,81.01,86.4,100.0,50.0
PRDa1991032,PRD28257c33,Friendly Soap Conditioner Bar - Fragrance-free,Friendly Soap Conditioner Bar - Lavender & Tea Tree,Friendly Soap,Friendly Soap,Conditioner Bar,90.0,g,90.0,g,33.22,33.22,GBP,GBP,eBay - gudz_uk,eBay - gudz_uk,100.0,69.06,66.57,72.79,100.0,100.0
PRD23f263da,PRDceb86729,Natural Hair Conditioning Bar – Bergamot,Natural Hair Conditioning Bar – Lemongrass,Natural Hair,Natural Hair,Conditioner Bar,,,,,4.99,4.99,GBP,GBP,Handmade Fever,Handmade Fever,91.1,71.09,78.61,59.82,100.0,50.0
PRD23f263da,PRDca5f4122,Natural Hair Conditioning Bar – Bergamot,Natural Hair Conditioning Bar – Lavender,Natural Hair,Natural Hair,Conditioner Bar,,,,,4.99,4.99,GBP,GBP,Handmade Fever,Handmade Fever,94.1,74.11,78.61,67.37,100.0,50.0
PRD949949da,PRD253e76e4,The Soap Mine Solid Conditioner Bar - Fragrance Free,The Soap Mine Solid Conditioner Bar - Lavender & Orange,The Soap,The Soap,Conditioner Bar,,,,,5.85,5.85,GBP,GBP,Babi Pur,Babi Pur,92.6,72.64,73.9,70.75,100.0,50.0
PRD28257c33,PRD99303b82,Friendly Soap Conditioner Bar - Lavender & Tea Tree,Conditioner Bar - - Lavender & Geranium | Friendly Soap,Friendly Soap,Friendly Soap,Conditioner Bar,90.0,g,12.0,pack,33.22,91.7,GBP,GBP,eBay - gudz_uk,Friendly Soap,90.3,80.33,78.65,82.86,100.0,0.0
PRD591db5d1,PRD898379d1,Natural Conditioner Bar,Natural Conditioner Bar with Pink Clay & Grapefruit,Natural Conditioner,Natural Conditioner,Conditioner Bar,,,,,8.0,8.0,GBP,GBP,Wriggly Tin Soap Co.,Wriggly Tin Soap Co.,95.0,75.02,77.14,71.84,100.0,50.0
PRD51756516,PRDab4a7afe,Petal Power Bloom in Soap Refill Conditioner Bar,Petal Power Bloom in Soap Hair Conditioner Bars,Petal Power,Petal Power,Conditioner Bar,,,,,9.99,9.99,GBP,GBP,Bloom In Soap,Bloom In Soap,100.0,81.95,78.32,87.39,100.0,50.0
PRD5c42e109,PRD1f1b0352,Coconut Conditioner Bar,"Coconut Conditioner Bar - Rich Nourishing & Volumizing - Hair Moisturizing & Strengthening Solid Soap Bar, Plastic-Free, Silicone & Sulfate Free",Coconut Conditioner,Coconut Conditioner,Conditioner Bar,,,,,5.25,18.55,GBP,GBP,Superfly Soap,Snapklik.com,88.9,68.93,68.0,70.33,100.0,50.0
PRD0e1b0d18,PRDe76a14df,Unscented Conditioner Solid Bar,Unscented Conditioner Bars,Unscented Conditioner,Unscented Conditioner,Conditioner Bar,,,,,4.0,10.0,GBP,GBP,Megan and Willow,Pentland Aromatics,98.3,78.34,70.74,89.74,100.0,50.0
PRD99303b82,PRD8e54123b,Conditioner Bar - - Lavender & Geranium | Friendly Soap,Conditioner Bar - - Peppermint & Eucalyptus | Friendly Soap,Friendly Soap,Friendly Soap,Conditioner Bar,12.0,pack,12.0,pack,91.7,91.7,GBP,GBP,Friendly Soap,Friendly Soap,100.0,69.84,65.79,75.91,100.0,100.0
PRDb007f6f2,PRDc3647fd8,CONDITIONER BAR SEAWEED - PURC CONDITIONER BAR SEAWEED VEGAN CONDITIONER,CONDITIONER BAR LAVENDER - PURC CONDITIONER BAR LAVENDER CRUELTY FREE VEGAN CONDITIONER BAR,CONDITIONER BAR,CONDITIONER BAR,Conditioner Bar,,,,,18.55,18.55,GBP,GBP,pure-keratin.com,pure-keratin.com,89.7,69.65,72.0,66.13,100.0,50.0
PRDe408fb7b,PRD6ac91761,Coconut Curls Conditioning Shampoo Bar Trial Size,Coconut Curls Conditioning Shampoo Bar,Coconut Curls,Coconut Curls,Conditioner Bar,,,,,5.49,11.99,GBP,GBP,Bloom In Soap,Bloom In Soap,100.0,87.43,88.57,85.72,100.0,50.0
PRDceb86729,PRDca5f4122,Natural Hair Conditioning Bar – Lemongrass,Natural Hair Conditioning Bar – Lavender,Natural Hair,Natural Hair,Conditioner Bar,,,,,4.99,4.99,GBP,GBP,Handmade Fever,Handmade Fever,95.8,75.75,78.97,70.92,100.0,50.0
PRDce9b3f2d,PRDe4a46626,The Ordinary Niacinamide 10% + Zinc 1%,The Ordinary Niacinamide 10% + Zinc 1% Face Serum,The Ordinary,The Ordinary,Face Serum,,,30.0,ml,6.93,43.92,GBP,GBP,The Ordinary,eBay - gharisi,100.0,83.46,90.0,73.65,100.0,50.0
PRDe128499b,PRDd1ca1607,Balance Active Formula Brightening Serum,Balance Active Formula Niacinamide Blemish Recovery Serum,Balance Active,Balance Active,Face Serum,,,,,2.99,24.99,GBP,GBP,Home Bargains,Amazon.co.uk - Amazon.co.uk-Seller,89.2,69.24,69.41,68.98,100.0,50.0
PRD13bb90a1,PRDf1dd78e3,Garnier Brightening Serum,Garnier Vitamin C Brightening and Anti Dark Spot Serum Duo,Garnier,Garnier,Face Serum,,,,,9.33,19.49,GBP,GBP,Boots.com,LOOKFANTASTIC,91.2,71.22,72.0,70.05,100.0,50.0
PRDce9b3f2d,PRDe4a46626,The Ordinary Niacinamide 10% + Zinc 1%,The Ordinary Niacinamide 10% + Zinc 1% Face Serum,The Ordinary,The Ordinary,Face Serum,,,30.0,ml,5.0,43.92,GBP,GBP,Boots.com,eBay - gharisi,100.0,83.46,90.0,73.65,100.0,50.0
PRDe128499b,PRDd1ca1607,Balance Active Formula Brightening Serum,Balance Active Formula Niacinamide Blemish Recovery Serum,Balance Active,Balance Active,Face Serum,,,,,3.29,24.99,GBP,GBP,Wilko,Amazon.co.uk - Amazon.co.uk-Seller,89.2,69.24,69.41,68.98,100.0,50.0
PRDd11745ae,PRD9119da25,Neutrogena Hydro Boost Concentrated Serum,Neutrogena Hydro Boost Niacinamide Serum,Neutrogena Hydro,Neutrogena Hydro,Face Serum,,,,,9.39,12.76,GBP,GBP,Amazon.co.uk - Amazon.co.uk-Seller,Pharmeden,100.0,81.28,77.04,87.64,100.0,50.0
PRD9c4343cd,PRD7fbc6b10,The Ordinary Multi-Peptide + HA Serum,The Ordinary Multi-Peptide + Copper Peptides 1% Serum,The Ordinary,The Ordinary,Face Serum,,,,,21.56,22.25,GBP,GBP,The Ordinary,The Ordinary,92.7,72.71,79.54,62.47,100.0,50.0
PRD1d5c7de4,PRDdc78a78e,Beauty of Joseon Glow Deep Serum,Beauty of Joseon Revive Serum Mucin,Beauty,Beauty,Face Serum,,,,,12.75,16.97,GBP,GBP,Boots.com,Millies.ie,90.0,70.0,68.89,71.68,100.0,50.0
PRD1d5c7de4,PRDf97f8370,Beauty of Joseon Glow Deep Serum,Beauty of Joseon Light On Serum,Beauty,Beauty,Face Serum,,,,,12.75,14.39,GBP,GBP,Boots.com,Superdrug.com,96.9,76.86,69.81,87.45,100.0,50.0
PRDe522a9dd,PRD1013f8e3,La Roche Posay Cicaplast B5 Serum,La Roche Posay Hyalu B5 Hyaluronic Acid Serum,La Roche,La Roche,Face Serum,,,,,40.0,35.98,GBP,GBP,Boots.com,Superdrug.com,90.1,70.15,71.51,68.11,100.0,50.0
PRD16ccacb6,PRD736548b6,"20% Vitamin C Serum, Korean Serum with Hyaluronic Acid, Anti Aging Face Serums For Wrinkles & Fine Lines, Moisturizing Dark Spot Remover for Face","20% Vitamin C Serum, Korean Skin Care Serum with Hyaluronic Acid, Anti-aging Face Serum for Dry and Dull Skin, Reduce Wrinkles & Fine Lines, Fast",,,Face Serum,,,,,7.99,7.19,GBP,GBP,Amazon.co.uk - Amazon.co.uk-Seller,Amazon.co.uk - Amazon.co.uk-Seller,90.2,80.16,72.08,92.28,50.0,50.0
PRD73e83d02,PRD0ae0b659,"DR RASHEL Vitamin C Face Serum, Brightening & Anti-aging Facial Serum, Vitamin C Serum for Face with Hyaluronic Acid, Organic Vitamin C Serum for Face",Dr Rashel Face Serum,DR RASHEL,Dr Rashel,Face Serum,,,,,7.49,3.5,GBP,GBP,Amazon.co.uk - Amazon.co.uk-Seller,eBay,88.9,68.88,70.67,66.2,100.0,50.0
PRD60f4ddcf,PRDa8447757,Dr Sebagh Supreme Maintenance Youth Serum,Dr Sebagh Serum Repair,Dr Sebagh,Dr Sebagh,Face Serum,,,,,215.0,106.2,GBP,GBP,Dr Sebagh,Dr Sebagh,90.2,70.2,65.79,76.82,100.0,50.0
PRD51a95166,PRDb976da70,Plant Therapy Facial Serum,Plant Therapy Facial Serum Trio Set,Plant Therapy,Plant Therapy,Face Serum,,,,,12.61,22.27,GBP,GBP,Plant Therapy,Plant Therapy,100.0,84.89,86.67,82.21,100.0,50.0
PRD8dad10bb,PRD05f3959d,Geek & Gorgeous 101 HA 5 Light Serum,Geek & Gorgeous 101 HA 5 Rich Serum,Geek,Geek,Face Serum,5.0,l,,,8.99,8.99,GBP,GBP,Superdrug.com,Superdrug.com,100.0,87.67,85.52,90.89,100.0,50.0
PRD942b49b3,PRD3ea36cb3,"PDRN Pink Peptide Serum With SPF30–Korean Skincare for Wrinkles&Hydration,Niacinamide Face Serum,Dark Spot Corrector&Barrier Repair,Hyperpigmentation","PDRN Pink Peptide Serum- Korean Skincare PDRN Serum,Dark Spot Remover,Niacinamide Face Serum for Dark Spots & Barrier Repair,Hydrating,Moisturizing",PDRN Pink,PDRN Pink,Face Serum,,,,,9.39,8.99,GBP,GBP,Amazon.co.uk - Amazon.co.uk-Seller,Amazon.co.uk - Amazon.co.uk-Seller,100.0,76.43,71.88,83.26,100.0,50.0
PRDdc78a78e,PRDf97f8370,Beauty of Joseon Revive Serum Mucin,Beauty of Joseon Light On Serum,Beauty,Beauty,Face Serum,,,,,16.97,14.39,GBP,GBP,Millies.ie,Superdrug.com,90.8,70.83,69.81,72.36,100.0,50.0
PRDc5fa35a7,PRD83f84d5b,Garnier Ultimate Blends Honey Treasures Strengthening Shampoo Bar,Garnier Ultimate Blends Delicate Oat Softening Shampoo Bar,Garnier,Garnier,Shampoo Bar,,,,,4.0,4.0,GBP,GBP,Boots.com,Tesco,89.4,69.35,63.34,78.36,100.0,50.0
PRDc5fa35a7,PRD3ac1f6ed,Garnier Ultimate Blends Honey Treasures Strengthening Shampoo Bar,Garnier Ultimate Blends Argan & Camellia Shampoo Bar,Garnier,Garnier,Shampoo Bar,,,,,4.0,4.47,GBP,GBP,Boots.com,Amazon.co.uk - Amazon.co.uk-Seller,93.2,73.21,69.41,78.91,100.0,50.0
PRDc5fa35a7,PRD3873f52e,Garnier Ultimate Blends Honey Treasures Strengthening Shampoo Bar,Garnier Ultimate Blends Shampoo Bar Ginger Recovery,Garnier,Garnier,Shampoo Bar,,,60.0,g,4.0,5.25,GBP,GBP,Boots.com,Amazon.co.uk - Amazon.co.uk-Seller,91.2,71.16,68.84,74.66,100.0,50.0
PRD83f84d5b,PRDc5fa35a7,Garnier Ultimate Blends Delicate Oat Softening Shampoo Bar,Garnier Ultimate Blends Honey Treasures Strengthening Shampoo Bar,Garnier,Garnier,Shampoo Bar,,,,,4.0,4.0,GBP,GBP,Tesco,Tesco,89.4,69.35,63.34,78.36,100.0,50.0
PRD83f84d5b,PRD3ac1f6ed,Garnier Ultimate Blends Delicate Oat Softening Shampoo Bar,Garnier Ultimate Blends Argan & Camellia Shampoo Bar,Garnier,Garnier,Shampoo Bar,,,,,4.0,4.47,GBP,GBP,Tesco,Amazon.co.uk - Amazon.co.uk-Seller,93.6,73.6,69.41,79.89,100.0,50.0
PRD83f84d5b,PRD3873f52e,Garnier Ultimate Blends Delicate Oat Softening Shampoo Bar,Garnier Ultimate Blends Shampoo Bar Ginger Recovery,Garnier,Garnier,Shampoo Bar,,,60.0,g,4.0,5.25,GBP,GBP,Tesco,Amazon.co.uk - Amazon.co.uk-Seller,89.5,69.49,68.84,70.48,100.0,50.0
PRD1e850c4f,PRDc2643e4f,Faith in Nature Coconut & Shea Butter Shampoo Bar,Faith in Nature Shea & Argan Shampoo Bar,Faith in Nature,Faith in Nature,Shampoo Bar,,,,,4.5,5.25,GBP,GBP,Amazon.co.uk,Natural Collection,100.0,80.83,81.52,79.79,100.0,50.0
PRDe86336bb,PRD3873f52e,Garnier Ultimate Blends Coconut Hydrating Shampoo Bar with Aloe Vera for Normal Hair,Garnier Ultimate Blends Shampoo Bar Ginger Recovery,Garnier,Garnier,Shampoo Bar,60.0,g,60.0,g,4.0,5.25,GBP,GBP,Boots.com,Amazon.co.uk - Amazon.co.uk-Seller,100.0,62.35,62.17,62.63,100.0,100.0
PRD71523043,PRD223495c4,"Nature Triangle Shampoo Bar, Natural Cypress Leaf Usman Grass Solid Shampoo Bar, Calming & Strengthens Hair Vegan, for Hair Care for Women and Mens (","Nature Triangle Shampoo Bar, Nature Seven Green Soap Shampoo, Usman Grass ShampooBar, Natural Plant Ingredients, Calming & Strengthens Hair for Women",Nature Triangle,Nature Triangle,Shampoo Bar,,,,,5.99,9.99,GBP,GBP,Amazon.co.uk - Amazon.co.uk-Seller,Amazon.co.uk - Amazon.co.uk-Seller,93.7,73.66,67.67,82.64,100.0,50.0
PRD71523043,PRD64e43e15,"Nature Triangle Shampoo Bar, Natural Cypress Leaf Usman Grass Solid Shampoo Bar, Calming & Strengthens Hair Vegan, for Hair Care for Women and Mens (","Nature Triangle Shampoo Bar - Natural Usman Grass Glutinous Rice Water Solid Shampoo Bar For Hair Care & Hair Growth, Calming & Strengthens Hairs For",Nature Triangle,Nature Triangle,Shampoo Bar,,,,,5.99,5.55,GBP,GBP,Amazon.co.uk - Amazon.co.uk-Seller,Amazon.co.uk - Amazon.co.uk-Seller,95.0,74.98,71.86,79.67,100.0,50.0
PRD71523043,PRD4633f3ef,"Nature Triangle Shampoo Bar, Natural Cypress Leaf Usman Grass Solid Shampoo Bar, Calming & Strengthens Hair Vegan, for Hair Care for Women and Mens (","Nature Triangle Shampoo Bar, Usman Grass & Nature Seven Green Soap Solid Shampoo, Gentle Hair Cleansing & Strengthening for Women and Men (1)",Nature Triangle,Nature Triangle,Shampoo Bar,,,,,5.99,9.98,GBP,GBP,Amazon.co.uk - Amazon.co.uk-Seller,Amazon.co.uk - Amazon.co.uk-Seller,90.3,70.31,64.0,79.77,100.0,50.0
PRD71523043,PRD9f09222c,"Nature Triangle Shampoo Bar, Natural Cypress Leaf Usman Grass Solid Shampoo Bar, Calming & Strengthens Hair Vegan, for Hair Care for Women and Mens (",Nature Triangle Usman Grass Shampoo Bar,Nature Triangle,Nature Triangle,Shampoo Bar,,,,,5.99,9.97,GBP,GBP,Amazon.co.uk - Amazon.co.uk-Seller,Amazon.co.uk - Amazon.co.uk-Seller,92.2,72.23,72.63,71.63,100.0,50.0
PRD71523043,PRD89df39f4,"Nature Triangle Shampoo Bar, Natural Cypress Leaf Usman Grass Solid Shampoo Bar, Calming & Strengthens Hair Vegan, for Hair Care for Women and Mens (","Nature Triangle Shampoo Bar, Natural Grass Glutinous Rice Water Solid Shampoo Bar for Hair Care & Hair Growth, Calming & Strengthens Hair, Gentle on",Nature Triangle,Nature Triangle,Shampoo Bar,,,,,5.99,5.28,GBP,GBP,Amazon.co.uk - Amazon.co.uk-Seller,Amazon.co.uk - Amazon.co.uk-Seller,91.4,71.36,67.8,76.7,100.0,50.0
PRD71523043,PRD0d372918,"Nature Triangle Shampoo Bar, Natural Cypress Leaf Usman Grass Solid Shampoo Bar, Calming & Strengthens Hair Vegan, for Hair Care for Women and Mens (","Nature Triangle Shampoo Bar, Nature Seven Green Soap Shampoo, Natural Usman Grass Solid Shampoo Bar, Calming & Strengthens Hair for Women and Men 1pc",Nature Triangle,Nature Triangle,Shampoo Bar,,,,,5.99,11.88,GBP,GBP,Amazon.co.uk - Amazon.co.uk-Seller,fruugo.co.uk,99.2,79.2,76.78,82.82,100.0,50.0
PRDc39c546e,PRD17d42fdf,Eco Warrior Dry Hair Shampoo Bar,Eco Warrior Nourishing Shampoo Bar,Eco Warrior,Eco Warrior,Shampoo Bar,,,,,5.5,5.5,GBP,GBP,Tesco,Tesco,99.4,79.44,73.04,89.03,100.0,50.0
PRDc39c546e,PRD073ac21d,Eco Warrior Dry Hair Shampoo Bar,Eco Warrior Sensitive Scalp Shampoo Bar,Eco Warrior,Eco Warrior,Shampoo Bar,,,,,5.5,4.35,GBP,GBP,Tesco,Waitrose & Partners,97.0,76.97,70.18,87.15,100.0,50.0
PRDc39c546e,PRDc0f51385,Eco Warrior Dry Hair Shampoo Bar,Eco Warrior Men's Edit Shampoo Bar,Eco Warrior,Eco Warrior,Shampoo Bar,,,,,5.5,5.5,GBP,GBP,Tesco,Amazon.co.uk,93.6,73.55,67.96,81.94,100.0,50.0
PRDc39c546e,PRD3d2887a7,Eco Warrior Dry Hair Shampoo Bar,Eco Warrior Blue Shampoo Bar,Eco Warrior,Eco Warrior,Shampoo Bar,,,,,5.5,6.5,GBP,GBP,Tesco,Justmylook,100.0,81.06,76.97,87.18,100.0,50.0
PRDc5fa35a7,PRD3ac1f6ed,Garnier Ultimate Blends Honey Treasures Strengthening Shampoo Bar,Garnier Ultimate Blends Argan & Camellia Shampoo Bar,Garnier,Garnier,Shampoo Bar,,,,,4.0,4.47,GBP,GBP,Tesco,Amazon.co.uk - Amazon.co.uk-Seller,93.2,73.21,69.41,78.91,100.0,50.0
PRDc5fa35a7,PRD3873f52e,Garnier Ultimate Blends Honey Treasures Strengthening Shampoo Bar,Garnier Ultimate Blends Shampoo Bar Ginger Recovery,Garnier,Garnier,Shampoo Bar,,,60.0,g,4.0,5.25,GBP,GBP,Tesco,Amazon.co.uk - Amazon.co.uk-Seller,91.2,71.16,68.84,74.66,100.0,50.0
PRDe42b3890,PRD6c1d66f0,Faith in Nature - Shampoo Bar Lavender & Geranium,Faith in Nature Lavender & Geranium Shampoo Bar,Faith in Nature,Faith in Nature,Shampoo Bar,85.0,g,,,7.0,7.0,GBP,GBP,Holland & Barrett,Faith in Nature,100.0,99.49,100.0,98.72,100.0,50.0
PRDe42b3890,PRDc2643e4f,Faith in Nature - Shampoo Bar Lavender & Geranium,Faith in Nature Shea & Argan Shampoo Bar,Faith in Nature,Faith in Nature,Shampoo Bar,85.0,g,,,7.0,5.25,GBP,GBP,Holland & Barrett,Natural Collection,92.2,72.2,72.07,72.4,100.0,50.0
PRDe42b3890,PRDc40d85f0,Faith in Nature - Shampoo Bar Lavender & Geranium,Faith In Nature Shampoo Bar Lavender & Geranium 85gm,Faith in Nature,Faith in Nature,Shampoo Bar,85.0,g,85.0,g,7.0,46.32,GBP,GBP,Holland & Barrett,eBay - gudz_uk,100.0,96.3,95.0,98.24,100.0,100.0
PRD1e850c4f,PRDc2643e4f,Faith in Nature Coconut & Shea Butter Shampoo Bar,Faith in Nature Shea & Argan Shampoo Bar,Faith in Nature,Faith in Nature,Shampoo Bar,,,,,7.0,5.25,GBP,GBP,Holland & Barrett,Natural Collection,100.0,80.83,81.52,79.79,100.0,50.0
PRD3ac1f6ed,PRD3873f52e,Garnier Ultimate Blends Argan & Camellia Shampoo Bar,Garnier Ultimate Blends Shampoo Bar Ginger Recovery,Garnier,Garnier,Shampoo Bar,,,60.0,g,4.47,5.25,GBP,GBP,Amazon.co.uk - Amazon.co.uk-Seller,Amazon.co.uk - Amazon.co.uk-Seller,92.8,72.81,71.63,74.58,100.0,50.0
PRD17d42fdf,PRD073ac21d,Eco Warrior Nourishing Shampoo Bar,Eco Warrior Sensitive Scalp Shampoo Bar,Eco Warrior,Eco Warrior,Shampoo Bar,,,,,5.5,4.35,GBP,GBP,Tesco,Waitrose & Partners,97.7,77.71,71.28,87.35,100.0,50.0
PRD17d42fdf,PRDc0f51385,Eco Warrior Nourishing Shampoo Bar,Eco Warrior Men's Edit Shampoo Bar,Eco Warrior,Eco Warrior,Shampoo Bar,,,,,5.5,5.5,GBP,GBP,Tesco,Amazon.co.uk,94.3,74.26,68.42,83.01,100.0,50.0
PRD17d42fdf,PRD3d2887a7,Eco Warrior Nourishing Shampoo Bar,Eco Warrior Blue Shampoo Bar,Eco Warrior,Eco Warrior,Shampoo Bar,,,,,5.5,6.5,GBP,GBP,Tesco,Justmylook,100.0,83.01,80.78,86.35,100.0,50.0
PRD214bc95b,PRD6572e1b1,Friendly Soap Lavender & Geranium Shampoo Bar,Friendly Soap - Lavender & Tea Tree Shampoo Bar - Eco Friendly,Friendly Soap,Friendly Soap,Shampoo Bar,,,,,3.25,2.95,GBP,GBP,Hell Yeah,Indespoke,98.3,78.35,75.21,83.06,100.0,50.0
PRD214bc95b,PRDf83acaff,Friendly Soap Lavender & Geranium Shampoo Bar,Friendly Soap Shampoo Bar - Lav & Tea Tree,Friendly Soap,Friendly Soap,Shampoo Bar,,,95.0,g,3.25,3.29,GBP,GBP,Hell Yeah,QuickVit,90.4,70.44,65.4,78.02,100.0,50.0
PRD214bc95b,PRDb311571e,Friendly Soap Lavender & Geranium Shampoo Bar,Friendly Soap Plastic-Free Shampoo Bar,Friendly Soap,Friendly Soap,Shampoo Bar,,,,,3.25,2.6,GBP,GBP,Hell Yeah,Boobalou,91.5,71.45,67.62,77.2,100.0,50.0
PRD214bc95b,PRDc26d29e5,Friendly Soap Lavender & Geranium Shampoo Bar,Soapy Scraps Shampoo Bar - Lavender & Tea Tree | Friendly Soap,Friendly Soap,Friendly Soap,Shampoo Bar,,,,,3.25,10.99,GBP,GBP,Hell Yeah,Friendly Soap,96.6,76.65,72.99,82.13,100.0,50.0
PRDbf7d8f07,PRD223495c4,"Nature Triangle Shampoo Bar, Usman Grass Shampoo Bar, Nature Seven Green Soap Shampoos Bars, Nourishing Care for Healthy-Looking Hair ()","Nature Triangle Shampoo Bar, Nature Seven Green Soap Shampoo, Usman Grass ShampooBar, Natural Plant Ingredients, Calming & Strengthens Hair for Women",Nature Triangle,Nature Triangle,Shampoo Bar,1.0,pcs,,,9.99,9.99,GBP,GBP,Amazon.co.uk - Amazon.co.uk-Seller,Amazon.co.uk - Amazon.co.uk-Seller,93.5,73.46,62.65,89.67,100.0,50.0
PRDbf7d8f07,PRDdd85df46,"Nature Triangle Shampoo Bar, Usman Grass Shampoo Bar, Nature Seven Green Soap Shampoos Bars, Nourishing Care for Healthy-Looking Hair ()","Nature Triangle Shampoo Bar, Nature Seven Green Soap shampoo, Seven Green Shampoo bar, Usman Grass Shampoo Bar, Polygonum Shampoo Soap, Calming &",Nature Triangle,Nature Triangle,Shampoo Bar,1.0,pcs,,,9.99,6.99,GBP,GBP,Amazon.co.uk - Amazon.co.uk-Seller,Amazon.co.uk - Amazon.co.uk-Seller,98.4,78.38,70.64,89.99,100.0,50.0
PRDbf7d8f07,PRD4633f3ef,"Nature Triangle Shampoo Bar, Usman Grass Shampoo Bar, Nature Seven Green Soap Shampoos Bars, Nourishing Care for Healthy-Looking Hair ()","Nature Triangle Shampoo Bar, Usman Grass & Nature Seven Green Soap Solid Shampoo, Gentle Hair Cleansing & Strengthening for Women and Men (1)",Nature Triangle,Nature Triangle,Shampoo Bar,1.0,pcs,,,9.99,9.98,GBP,GBP,Amazon.co.uk - Amazon.co.uk-Seller,Amazon.co.uk - Amazon.co.uk-Seller,93.8,73.78,62.14,91.23,100.0,50.0
PRDbf7d8f07,PRD9f09222c,"Nature Triangle Shampoo Bar, Usman Grass Shampoo Bar, Nature Seven Green Soap Shampoos Bars, Nourishing Care for Healthy-Looking Hair ()",Nature Triangle Usman Grass Shampoo Bar,Nature Triangle,Nature Triangle,Shampoo Bar,1.0,pcs,,,9.99,9.97,GBP,GBP,Amazon.co.uk - Amazon.co.uk-Seller,Amazon.co.uk - Amazon.co.uk-Seller,97.5,77.54,74.12,82.67,100.0,50.0
PRDbf7d8f07,PRD644540eb,"Nature Triangle Shampoo Bar, Usman Grass Shampoo Bar, Nature Seven Green Soap Shampoos Bars, Nourishing Care for Healthy-Looking Hair ()","Nature Triangle Shampoo Bar, 2025 New Nature Seven Green Shampoo, Natural Plant-Based Solid Shampoobar, Gentle Cleansing & Nourishing Care for",Nature Triangle,Nature Triangle,Shampoo Bar,1.0,pcs,,,9.99,11.99,GBP,GBP,Amazon.co.uk - Amazon.co.uk-Seller,Amazon.co.uk - Amazon.co.uk-Seller,88.1,68.13,57.62,83.9,100.0,50.0
PRDbf7d8f07,PRD0d372918,"Nature Triangle Shampoo Bar, Usman Grass Shampoo Bar, Nature Seven Green Soap Shampoos Bars, Nourishing Care for Healthy-Looking Hair ()","Nature Triangle Shampoo Bar, Nature Seven Green Soap Shampoo, Natural Usman Grass Solid Shampoo Bar, Calming & Strengthens Hair for Women and Men 1pc",Nature Triangle,Nature Triangle,Shampoo Bar,1.0,pcs,,,9.99,11.88,GBP,GBP,Amazon.co.uk - Amazon.co.uk-Seller,fruugo.co.uk,94.3,74.29,61.92,92.84,100.0,50.0
PRDbf7d8f07,PRDf2daad50,"Nature Triangle Shampoo Bar, Usman Grass Shampoo Bar, Nature Seven Green Soap Shampoos Bars, Nourishing Care for Healthy-Looking Hair ()","2025 Nature Triangle Shampoo Bar, Nature Seven Green Soap Shampoo, Natural Usman Grass Shampoo Bar, Calming & Strengthens Hair for Women and Men",Nature Triangle,,Shampoo Bar,1.0,pcs,1.0,pcs,9.99,6.89,GBP,GBP,Amazon.co.uk - Amazon.co.uk-Seller,fruugo.co.uk,93.2,73.19,63.0,88.49,50.0,100.0
PRDbf7d8f07,PRDd8d93ae9,"Nature Triangle Shampoo Bar, Usman Grass Shampoo Bar, Nature Seven Green Soap Shampoos Bars, Nourishing Care for Healthy-Looking Hair ()","1-3x Nature Triangle Shampoo Bar, Nature Seven Green Soap Shampoo, Natural Usman Grass Shampoo Bar, Calming & Strengthens Hair for Women and Men",Nature Triangle,,Shampoo Bar,1.0,pcs,1.0,pcs,9.99,12.95,GBP,GBP,Amazon.co.uk - Amazon.co.uk-Seller,fruugo.co.uk,93.7,73.66,62.26,90.75,50.0,100.0
PRD073ac21d,PRDc0f51385,Eco Warrior Sensitive Scalp Shampoo Bar,Eco Warrior Men's Edit Shampoo Bar,Eco Warrior,Eco Warrior,Shampoo Bar,,,,,4.35,5.5,GBP,GBP,Waitrose & Partners,Amazon.co.uk,91.6,71.62,66.2,79.75,100.0,50.0
PRD073ac21d,PRD3d2887a7,Eco Warrior Sensitive Scalp Shampoo Bar,Eco Warrior Blue Shampoo Bar,Eco Warrior,Eco Warrior,Shampoo Bar,,,,,4.35,6.5,GBP,GBP,Waitrose & Partners,Justmylook,99.2,79.24,76.97,82.63,100.0,50.0
PRD223495c4,PRDdd85df46,"Nature Triangle Shampoo Bar, Nature Seven Green Soap Shampoo, Usman Grass ShampooBar, Natural Plant Ingredients, Calming & Strengthens Hair for Women","Nature Triangle Shampoo Bar, Nature Seven Green Soap shampoo, Seven Green Shampoo bar, Usman Grass Shampoo Bar, Polygonum Shampoo Soap, Calming &",Nature Triangle,Nature Triangle,Shampoo Bar,,,,,9.99,6.99,GBP,GBP,Amazon.co.uk - Amazon.co.uk-Seller,Amazon.co.uk - Amazon.co.uk-Seller,100.0,80.36,76.7,85.86,100.0,50.0
PRD223495c4,PRD64e43e15,"Nature Triangle Shampoo Bar, Nature Seven Green Soap Shampoo, Usman Grass ShampooBar, Natural Plant Ingredients, Calming & Strengthens Hair for Women","Nature Triangle Shampoo Bar - Natural Usman Grass Glutinous Rice Water Solid Shampoo Bar For Hair Care & Hair Growth, Calming & Strengthens Hairs For",Nature Triangle,Nature Triangle,Shampoo Bar,,,,,9.99,5.55,GBP,GBP,Amazon.co.uk - Amazon.co.uk-Seller,Amazon.co.uk - Amazon.co.uk-Seller,93.0,73.03,63.89,86.73,100.0,50.0
PRD223495c4,PRD4633f3ef,"Nature Triangle Shampoo Bar, Nature Seven Green Soap Shampoo, Usman Grass ShampooBar, Natural Plant Ingredients, Calming & Strengthens Hair for Women","Nature Triangle Shampoo Bar, Usman Grass & Nature Seven Green Soap Solid Shampoo, Gentle Hair Cleansing & Strengthening for Women and Men (1)",Nature Triangle,Nature Triangle,Shampoo Bar,,,,,9.99,9.98,GBP,GBP,Amazon.co.uk - Amazon.co.uk-Seller,Amazon.co.uk - Amazon.co.uk-Seller,96.5,76.5,67.49,90.0,100.0,50.0
PRD223495c4,PRD9f09222c,"Nature Triangle Shampoo Bar, Nature Seven Green Soap Shampoo, Usman Grass ShampooBar, Natural Plant Ingredients, Calming & Strengthens Hair for Women",Nature Triangle Usman Grass Shampoo Bar,Nature Triangle,Nature Triangle,Shampoo Bar,,,,,9.99,9.97,GBP,GBP,Amazon.co.uk - Amazon.co.uk-Seller,Amazon.co.uk - Amazon.co.uk-Seller,94.7,74.68,73.33,76.69,100.0,50.0
PRD223495c4,PRD644540eb,"Nature Triangle Shampoo Bar, Nature Seven Green Soap Shampoo, Usman Grass ShampooBar, Natural Plant Ingredients, Calming & Strengthens Hair for Women","Nature Triangle Shampoo Bar, 2025 New Nature Seven Green Shampoo, Natural Plant-Based Solid Shampoobar, Gentle Cleansing & Nourishing Care for",Nature Triangle,Nature Triangle,Shampoo Bar,,,,,9.99,11.99,GBP,GBP,Amazon.co.uk - Amazon.co.uk-Seller,Amazon.co.uk - Amazon.co.uk-Seller,88.7,68.74,59.06,83.26,100.0,50.0
PRD223495c4,PRDdb039b35,"Nature Triangle Shampoo Bar, Nature Seven Green Soap Shampoo, Usman Grass ShampooBar, Natural Plant Ingredients, Calming & Strengthens Hair for Women","Nature Triangle Shampoo Bar, Nature Green Triangle Solide Shampoo Soap, Cleansing Nourishing Hair Strengthens Hair, for Women And Men ()",Nature Triangle,Nature Triangle,Shampoo Bar,,,2.0,pcs,9.99,9.99,GBP,GBP,Amazon.co.uk - Amazon.co.uk-Seller,Amazon.co.uk - Amazon.co.uk-Seller,92.8,72.78,64.38,85.37,100.0,50.0
PRD223495c4,PRD89df39f4,"Nature Triangle Shampoo Bar, Nature Seven Green Soap Shampoo, Usman Grass ShampooBar, Natural Plant Ingredients, Calming & Strengthens Hair for Women","Nature Triangle Shampoo Bar, Natural Grass Glutinous Rice Water Solid Shampoo Bar for Hair Care & Hair Growth, Calming & Strengthens Hair, Gentle on",Nature Triangle,Nature Triangle,Shampoo Bar,,,,,9.99,5.28,GBP,GBP,Amazon.co.uk - Amazon.co.uk-Seller,Amazon.co.uk - Amazon.co.uk-Seller,89.8,69.84,60.08,84.47,100.0,50.0
PRD223495c4,PRD4d74acf3,"Nature Triangle Shampoo Bar, Nature Seven Green Soap Shampoo, Usman Grass ShampooBar, Natural Plant Ingredients, Calming & Strengthens Hair for Women","Nature Triangle Shampoo Bar,Natural Plant-Based Solid Shampoo,Nature Green Soap Shampoo,Cleansing & Nourishing Care for Healthy-Looking Hair ()",Nature Triangle,Nature Triangle,Shampoo Bar,,,2.0,pcs,9.99,8.87,GBP,GBP,Amazon.co.uk - Amazon.co.uk-Seller,Amazon.co.uk - Amazon.co.uk-Seller,88.5,68.49,57.59,84.84,100.0,50.0
PRD223495c4,PRD0d372918,"Nature Triangle Shampoo Bar, Nature Seven Green Soap Shampoo, Usman Grass ShampooBar, Natural Plant Ingredients, Calming & Strengthens Hair for Women","Nature Triangle Shampoo Bar, Nature Seven Green Soap Shampoo, Natural Usman Grass Solid Shampoo Bar, Calming & Strengthens Hair for Women and Men 1pc",Nature Triangle,Nature Triangle,Shampoo Bar,,,,,9.99,11.88,GBP,GBP,Amazon.co.uk - Amazon.co.uk-Seller,fruugo.co.uk,100.0,87.32,82.27,94.89,100.0,50.0
PRDbfb66f63,PRD64e43e15,"Nature Triangle Shampoo Bar, Natural Usman Grass Glutinous Rice Water Solid Shampoo Bar,Thinning Hair-Volume Shampoo Bar for Men and Women,Hair Growth","Nature Triangle Shampoo Bar - Natural Usman Grass Glutinous Rice Water Solid Shampoo Bar For Hair Care & Hair Growth, Calming & Strengthens Hairs For",Nature Triangle,Nature Triangle,Shampoo Bar,,,,,6.95,5.55,GBP,GBP,Amazon.co.uk - Amazon.co.uk-Seller,Amazon.co.uk - Amazon.co.uk-Seller,100.0,81.42,75.78,89.88,100.0,50.0
PRDbfb66f63,PRD4633f3ef,"Nature Triangle Shampoo Bar, Natural Usman Grass Glutinous Rice Water Solid Shampoo Bar,Thinning Hair-Volume Shampoo Bar for Men and Women,Hair Growth","Nature Triangle Shampoo Bar, Usman Grass & Nature Seven Green Soap Solid Shampoo, Gentle Hair Cleansing & Strengthening for Women and Men (1)",Nature Triangle,Nature Triangle,Shampoo Bar,,,,,6.95,9.98,GBP,GBP,Amazon.co.uk - Amazon.co.uk-Seller,Amazon.co.uk - Amazon.co.uk-Seller,90.9,70.9,62.83,83.01,100.0,50.0
PRDbfb66f63,PRD9f09222c,"Nature Triangle Shampoo Bar, Natural Usman Grass Glutinous Rice Water Solid Shampoo Bar,Thinning Hair-Volume Shampoo Bar for Men and Women,Hair Growth",Nature Triangle Usman Grass Shampoo Bar,Nature Triangle,Nature Triangle,Shampoo Bar,,,,,6.95,9.97,GBP,GBP,Amazon.co.uk - Amazon.co.uk-Seller,Amazon.co.uk - Amazon.co.uk-Seller,92.9,72.91,72.63,73.34,100.0,50.0
PRDbfb66f63,PRD89df39f4,"Nature Triangle Shampoo Bar, Natural Usman Grass Glutinous Rice Water Solid Shampoo Bar,Thinning Hair-Volume Shampoo Bar for Men and Women,Hair Growth","Nature Triangle Shampoo Bar, Natural Grass Glutinous Rice Water Solid Shampoo Bar for Hair Care & Hair Growth, Calming & Strengthens Hair, Gentle on",Nature Triangle,Nature Triangle,Shampoo Bar,,,,,6.95,5.28,GBP,GBP,Amazon.co.uk - Amazon.co.uk-Seller,Amazon.co.uk - Amazon.co.uk-Seller,98.3,78.34,71.37,88.78,100.0,50.0
PRDbfb66f63,PRD0d372918,"Nature Triangle Shampoo Bar, Natural Usman Grass Glutinous Rice Water Solid Shampoo Bar,Thinning Hair-Volume Shampoo Bar for Men and Women,Hair Growth","Nature Triangle Shampoo Bar, Nature Seven Green Soap Shampoo, Natural Usman Grass Solid Shampoo Bar, Calming & Strengthens Hair for Women and Men 1pc",Nature Triangle,Nature Triangle,Shampoo Bar,,,,,6.95,11.88,GBP,GBP,Amazon.co.uk - Amazon.co.uk-Seller,fruugo.co.uk,93.7,73.66,68.05,82.08,100.0,50.0
PRDdd85df46,PRD4633f3ef,"Nature Triangle Shampoo Bar, Nature Seven Green Soap shampoo, Seven Green Shampoo bar, Usman Grass Shampoo Bar, Polygonum Shampoo Soap, Calming &","Nature Triangle Shampoo Bar, Usman Grass & Nature Seven Green Soap Solid Shampoo, Gentle Hair Cleansing & Strengthening for Women and Men (1)",Nature Triangle,Nature Triangle,Shampoo Bar,,,,,6.99,9.98,GBP,GBP,Amazon.co.uk - Amazon.co.uk-Seller,Amazon.co.uk - Amazon.co.uk-Seller,95.8,75.79,68.84,86.23,100.0,50.0
PRDdd85df46,PRD9f09222c,"Nature Triangle Shampoo Bar, Nature Seven Green Soap shampoo, Seven Green Shampoo bar, Usman Grass Shampoo Bar, Polygonum Shampoo Soap, Calming &",Nature Triangle Usman Grass Shampoo Bar,Nature Triangle,Nature Triangle,Shampoo Bar,,,,,6.99,9.97,GBP,GBP,Amazon.co.uk - Amazon.co.uk-Seller,Amazon.co.uk - Amazon.co.uk-Seller,100.0,80.29,81.82,78.0,100.0,50.0
PRDdd85df46,PRD0d372918,"Nature Triangle Shampoo Bar, Nature Seven Green Soap shampoo, Seven Green Shampoo bar, Usman Grass Shampoo Bar, Polygonum Shampoo Soap, Calming &","Nature Triangle Shampoo Bar, Nature Seven Green Soap Shampoo, Natural Usman Grass Solid Shampoo Bar, Calming & Strengthens Hair for Women and Men 1pc",Nature Triangle,Nature Triangle,Shampoo Bar,,,,,6.99,11.88,GBP,GBP,Amazon.co.uk - Amazon.co.uk-Seller,fruugo.co.uk,100.0,81.03,75.65,89.1,100.0,50.0
PRD64e43e15,PRD9f09222c,"Nature Triangle Shampoo Bar - Natural Usman Grass Glutinous Rice Water Solid Shampoo Bar For Hair Care & Hair Growth, Calming & Strengthens Hairs For",Nature Triangle Usman Grass Shampoo Bar,Nature Triangle,Nature Triangle,Shampoo Bar,,,,,5.55,9.97,GBP,GBP,Amazon.co.uk - Amazon.co.uk-Seller,Amazon.co.uk - Amazon.co.uk-Seller,93.7,73.68,73.33,74.19,100.0,50.0
PRD64e43e15,PRD89df39f4,"Nature Triangle Shampoo Bar - Natural Usman Grass Glutinous Rice Water Solid Shampoo Bar For Hair Care & Hair Growth, Calming & Strengthens Hairs For","Nature Triangle Shampoo Bar, Natural Grass Glutinous Rice Water Solid Shampoo Bar for Hair Care & Hair Growth, Calming & Strengthens Hair, Gentle on",Nature Triangle,Nature Triangle,Shampoo Bar,,,,,5.55,5.28,GBP,GBP,Amazon.co.uk - Amazon.co.uk-Seller,Amazon.co.uk - Amazon.co.uk-Seller,100.0,92.91,89.37,98.23,100.0,50.0
PRD64e43e15,PRD0d372918,"Nature Triangle Shampoo Bar - Natural Usman Grass Glutinous Rice Water Solid Shampoo Bar For Hair Care & Hair Growth, Calming & Strengthens Hairs For","Nature Triangle Shampoo Bar, Nature Seven Green Soap Shampoo, Natural Usman Grass Solid Shampoo Bar, Calming & Strengthens Hair for Women and Men 1pc",Nature Triangle,Nature Triangle,Shampoo Bar,,,,,5.55,11.88,GBP,GBP,Amazon.co.uk - Amazon.co.uk-Seller,fruugo.co.uk,95.8,75.77,68.65,86.44,100.0,50.0
PRD0590e833,PRDbc45741b,Davines Love Shampoo Bar,Davines DEDE Shampoo Bar,Davines,Davines,Shampoo Bar,,,,,18.5,18.5,GBP,GBP,Cult Beauty,North Laine Hair Company,100.0,81.24,77.02,87.56,100.0,50.0
PRD0590e833,PRDbc45741b,Davines Love Shampoo Bar,Davines DEDE Shampoo Bar,Davines,Davines,Shampoo Bar,,,,,18.5,18.5,GBP,GBP,Cult Beauty,Davines,100.0,81.24,77.02,87.56,100.0,50.0
PRD4633f3ef,PRD9f09222c,"Nature Triangle Shampoo Bar, Usman Grass & Nature Seven Green Soap Solid Shampoo, Gentle Hair Cleansing & Strengthening for Women and Men (1)",Nature Triangle Usman Grass Shampoo Bar,Nature Triangle,Nature Triangle,Shampoo Bar,,,,,9.98,9.97,GBP,GBP,Amazon.co.uk - Amazon.co.uk-Seller,Amazon.co.uk - Amazon.co.uk-Seller,95.6,75.65,72.63,80.17,100.0,50.0
PRD4633f3ef,PRD644540eb,"Nature Triangle Shampoo Bar, Usman Grass & Nature Seven Green Soap Solid Shampoo, Gentle Hair Cleansing & Strengthening for Women and Men (1)","Nature Triangle Shampoo Bar, 2025 New Nature Seven Green Shampoo, Natural Plant-Based Solid Shampoobar, Gentle Cleansing & Nourishing Care for",Nature Triangle,Nature Triangle,Shampoo Bar,,,,,9.98,11.99,GBP,GBP,Amazon.co.uk - Amazon.co.uk-Seller,Amazon.co.uk - Amazon.co.uk-Seller,89.0,69.05,59.31,83.64,100.0,50.0
PRD4633f3ef,PRDdb039b35,"Nature Triangle Shampoo Bar, Usman Grass & Nature Seven Green Soap Solid Shampoo, Gentle Hair Cleansing & Strengthening for Women and Men (1)","Nature Triangle Shampoo Bar, Nature Green Triangle Solide Shampoo Soap, Cleansing Nourishing Hair Strengthens Hair, for Women And Men ()",Nature Triangle,Nature Triangle,Shampoo Bar,,,2.0,pcs,9.98,9.99,GBP,GBP,Amazon.co.uk - Amazon.co.uk-Seller,Amazon.co.uk - Amazon.co.uk-Seller,99.4,79.37,73.33,88.44,100.0,50.0
PRD4633f3ef,PRD1854213e,"Nature Triangle Shampoo Bar, Usman Grass & Nature Seven Green Soap Solid Shampoo, Gentle Hair Cleansing & Strengthening for Women and Men (1)","Nature Triangle Shampoo Bar,Control Oil & Strengthen Hair,Natural Shampoo Bar for Women & Men,2 in 1 Shampoo & Conditioner,Travel Shampoo,Cleansing",Nature Triangle,Nature Triangle,Shampoo Bar,,,,,9.98,9.99,GBP,GBP,Amazon.co.uk - Amazon.co.uk-Seller,Amazon.co.uk - Amazon.co.uk-Seller,88.1,68.14,59.49,81.12,100.0,50.0
PRD4633f3ef,PRD4d74acf3,"Nature Triangle Shampoo Bar, Usman Grass & Nature Seven Green Soap Solid Shampoo, Gentle Hair Cleansing & Strengthening for Women and Men (1)","Nature Triangle Shampoo Bar,Natural Plant-Based Solid Shampoo,Nature Green Soap Shampoo,Cleansing & Nourishing Care for Healthy-Looking Hair ()",Nature Triangle,Nature Triangle,Shampoo Bar,,,2.0,pcs,9.98,8.87,GBP,GBP,Amazon.co.uk - Amazon.co.uk-Seller,Amazon.co.uk - Amazon.co.uk-Seller,88.1,68.1,58.65,82.27,100.0,50.0
PRD4633f3ef,PRD0d372918,"Nature Triangle Shampoo Bar, Usman Grass & Nature Seven Green Soap Solid Shampoo, Gentle Hair Cleansing & Strengthening for Women and Men (1)","Nature Triangle Shampoo Bar, Nature Seven Green Soap Shampoo, Natural Usman Grass Solid Shampoo Bar, Calming & Strengthens Hair for Women and Men 1pc",Nature Triangle,Nature Triangle,Shampoo Bar,,,,,9.98,11.88,GBP,GBP,Amazon.co.uk - Amazon.co.uk-Seller,fruugo.co.uk,100.0,86.46,81.24,94.29,100.0,50.0
PRD9f09222c,PRD4ebccb85,Nature Triangle Usman Grass Shampoo Bar,Natural Triangle Usman Grass Shampoo Bar,Nature Triangle,,Shampoo Bar,,,2.0,pcs,9.97,6.89,GBP,GBP,Amazon.co.uk - Amazon.co.uk-Seller,Amazon.co.uk - Amazon.co.uk-Seller,90.1,90.06,86.29,95.7,50.0,50.0
PRD9f09222c,PRD0d372918,Nature Triangle Usman Grass Shampoo Bar,"Nature Triangle Shampoo Bar, Nature Seven Green Soap Shampoo, Natural Usman Grass Solid Shampoo Bar, Calming & Strengthens Hair for Women and Men 1pc",Nature Triangle,Nature Triangle,Shampoo Bar,,,,,9.97,11.88,GBP,GBP,Amazon.co.uk - Amazon.co.uk-Seller,fruugo.co.uk,93.8,73.78,72.63,75.49,100.0,50.0
PRD4ebccb85,PRD83cc251e,Natural Triangle Usman Grass Shampoo Bar,"Nature Triangle Shampoo Bar: Nature Seven Green Shampoo Soap, Usman Grass Bar, for Women and Mens",,,Shampoo Bar,2.0,pcs,2.0,pcs,6.89,12.99,GBP,GBP,Amazon.co.uk - Amazon.co.uk-Seller,Amazon.co.uk - Amazon.co.uk-Seller,93.2,73.18,67.62,81.53,50.0,100.0
PRDc0f51385,PRD3d2887a7,Eco Warrior Men's Edit Shampoo Bar,Eco Warrior Blue Shampoo Bar,Eco Warrior,Eco Warrior,Shampoo Bar,,,,,5.5,6.5,GBP,GBP,Amazon.co.uk,Justmylook,98.5,78.48,74.12,85.01,100.0,50.0
PRD6c1d66f0,PRDc2643e4f,Faith in Nature Lavender & Geranium Shampoo Bar,Faith in Nature Shea & Argan Shampoo Bar,Faith in Nature,Faith in Nature,Shampoo Bar,,,,,7.0,5.25,GBP,GBP,Faith in Nature,Natural Collection,92.2,72.2,72.07,72.4,100.0,50.0
PRD6c1d66f0,PRDc40d85f0,Faith in Nature Lavender & Geranium Shampoo Bar,Faith In Nature Shampoo Bar Lavender & Geranium 85gm,Faith in Nature,Faith in Nature,Shampoo Bar,,,85.0,g,7.0,46.32,GBP,GBP,Faith in Nature,eBay - gudz_uk,100.0,95.74,95.0,96.85,100.0,50.0
PRDeb8c5891,PRD033d0941,KinKind Shampoo & Bodywash Bars Set,KinKind Shampoo Bar Set,KinKind Shampoo,KinKind Shampoo,Shampoo Bar,,,,,9.95,25.5,GBP,GBP,KinKind,Amazon.co.uk - Amazon.co.uk-Seller,100.0,80.41,74.29,89.6,100.0,50.0
PRD5ccc60fe,PRD6b91c54a,New Dawn UK Patchouli Shampoo Bar,New Dawn UK Lavender Shampoo Bar,New Dawn,New Dawn,Shampoo Bar,,,,,6.45,6.45,GBP,GBP,New Dawn Organic Skin and Hair Care,New Dawn Organic Skin and Hair Care,99.9,79.89,78.75,81.6,100.0,50.0
PRD543307a2,PRDa15a678b,J.R. Liggett's Tea Tree & Hemp Oil Shampoo Bar,J.R. Liggett's Herbal Shampoo Bar,J.R. Liggett's,J.R. Liggett's,Shampoo Bar,,,,,9.0,10.3,GBP,GBP,John And Ginger,BigGreenSmile.com,97.8,77.79,74.45,82.81,100.0,50.0
PRD83cc251e,PRDdb039b35,"Nature Triangle Shampoo Bar: Nature Seven Green Shampoo Soap, Usman Grass Bar, for Women and Mens","Nature Triangle Shampoo Bar, Nature Green Triangle Solide Shampoo Soap, Cleansing Nourishing Hair Strengthens Hair, for Women And Men ()",,Nature Triangle,Shampoo Bar,2.0,pcs,2.0,pcs,12.99,9.99,GBP,GBP,Amazon.co.uk - Amazon.co.uk-Seller,Amazon.co.uk - Amazon.co.uk-Seller,93.7,73.69,68.08,82.09,50.0,100.0
PRDc2643e4f,PRDc40d85f0,Faith in Nature Shea & Argan Shampoo Bar,Faith In Nature Shampoo Bar Lavender & Geranium 85gm,Faith in Nature,Faith in Nature,Shampoo Bar,,,85.0,g,5.25,46.32,GBP,GBP,Natural Collection,eBay - gudz_uk,91.8,71.77,69.85,74.66,100.0,50.0
PRD6572e1b1,PRDf83acaff,Friendly Soap - Lavender & Tea Tree Shampoo Bar - Eco Friendly,Friendly Soap Shampoo Bar - Lav & Tea Tree,Friendly Soap,Friendly Soap,Shampoo Bar,,,95.0,g,2.95,3.29,GBP,GBP,Indespoke,QuickVit,100.0,84.71,83.33,86.76,100.0,50.0
PRD6572e1b1,PRDb311571e,Friendly Soap - Lavender & Tea Tree Shampoo Bar - Eco Friendly,Friendly Soap Plastic-Free Shampoo Bar,Friendly Soap,Friendly Soap,Shampoo Bar,,,,,2.95,2.6,GBP,GBP,Indespoke,Boobalou,88.0,68.01,63.62,74.61,100.0,50.0
PRD6572e1b1,PRDc26d29e5,Friendly Soap - Lavender & Tea Tree Shampoo Bar - Eco Friendly,Soapy Scraps Shampoo Bar - Lavender & Tea Tree | Friendly Soap,Friendly Soap,Friendly Soap,Shampoo Bar,,,,,2.95,10.99,GBP,GBP,Indespoke,Friendly Soap,100.0,87.07,85.33,89.68,100.0,50.0
PRD839de7e8,PRD1a5b224c,Lavender & Tea Tree Shampoo Bar,Lavender & Rosemary Shampoo Bar,Lavender,Lavender,Shampoo Bar,,,,,3.25,4.75,GBP,GBP,Hell Yeah,Alphy & Becs,95.9,75.92,69.66,85.32,100.0,50.0
PRDf83acaff,PRDb311571e,Friendly Soap Shampoo Bar - Lav & Tea Tree,Friendly Soap Plastic-Free Shampoo Bar,Friendly Soap,Friendly Soap,Shampoo Bar,95.0,g,,,3.29,2.6,GBP,GBP,QuickVit,Boobalou,89.5,69.48,65.4,75.61,100.0,50.0
PRDf83acaff,PRDc26d29e5,Friendly Soap Shampoo Bar - Lav & Tea Tree,Soapy Scraps Shampoo Bar - Lavender & Tea Tree | Friendly Soap,Friendly Soap,Friendly Soap,Shampoo Bar,95.0,g,,,3.29,10.99,GBP,GBP,QuickVit,Friendly Soap,100.0,83.21,80.67,87.04,100.0,50.0
PRD644540eb,PRD4d74acf3,"Nature Triangle Shampoo Bar, 2025 New Nature Seven Green Shampoo, Natural Plant-Based Solid Shampoobar, Gentle Cleansing & Nourishing Care for","Nature Triangle Shampoo Bar,Natural Plant-Based Solid Shampoo,Nature Green Soap Shampoo,Cleansing & Nourishing Care for Healthy-Looking Hair ()",Nature Triangle,Nature Triangle,Shampoo Bar,,,2.0,pcs,11.99,8.87,GBP,GBP,Amazon.co.uk - Amazon.co.uk-Seller,Amazon.co.uk - Amazon.co.uk-Seller,100.0,82.06,75.99,91.16,100.0,50.0
PRDc4702342,PRDa362366f,Kaurilan Sauna Camelina Shampoo Bar,Kaurilan Sauna Black Currant Shampoo Bar,Kaurilan Sauna,Kaurilan Sauna,Shampoo Bar,,,,,13.38,14.7,GBP,GBP,Ecco-Verde.co.uk,Hels1nk1,100.0,79.97,74.0,88.91,100.0,50.0
PRDdb039b35,PRD1854213e,"Nature Triangle Shampoo Bar, Nature Green Triangle Solide Shampoo Soap, Cleansing Nourishing Hair Strengthens Hair, for Women And Men ()","Nature Triangle Shampoo Bar,Control Oil & Strengthen Hair,Natural Shampoo Bar for Women & Men,2 in 1 Shampoo & Conditioner,Travel Shampoo,Cleansing",Nature Triangle,Nature Triangle,Shampoo Bar,2.0,pcs,,,9.99,9.99,GBP,GBP,Amazon.co.uk - Amazon.co.uk-Seller,Amazon.co.uk - Amazon.co.uk-Seller,89.0,69.01,60.42,81.89,100.0,50.0
PRDdb039b35,PRD4d74acf3,"Nature Triangle Shampoo Bar, Nature Green Triangle Solide Shampoo Soap, Cleansing Nourishing Hair Strengthens Hair, for Women And Men ()","Nature Triangle Shampoo Bar,Natural Plant-Based Solid Shampoo,Nature Green Soap Shampoo,Cleansing & Nourishing Care for Healthy-Looking Hair ()",Nature Triangle,Nature Triangle,Shampoo Bar,2.0,pcs,2.0,pcs,9.99,8.87,GBP,GBP,Amazon.co.uk - Amazon.co.uk-Seller,Amazon.co.uk - Amazon.co.uk-Seller,100.0,75.16,66.47,88.19,100.0,100.0
PRDdb039b35,PRD0d372918,"Nature Triangle Shampoo Bar, Nature Green Triangle Solide Shampoo Soap, Cleansing Nourishing Hair Strengthens Hair, for Women And Men ()","Nature Triangle Shampoo Bar, Nature Seven Green Soap Shampoo, Natural Usman Grass Solid Shampoo Bar, Calming & Strengthens Hair for Women and Men 1pc",Nature Triangle,Nature Triangle,Shampoo Bar,2.0,pcs,,,9.99,11.88,GBP,GBP,Amazon.co.uk - Amazon.co.uk-Seller,fruugo.co.uk,99.8,79.77,72.16,91.18,100.0,50.0
PRDbb642fb8,PRDf41382a6,Shampoo Bar – Calendula – Fine Hair - Full Size,Shampoo Bar - Lime & Coconut - All Hair Types - Full Size,Shampoo Bar,Shampoo Bar,Shampoo Bar,60.0,g,60.0,g,7.0,7.0,GBP,GBP,Peace With The Wild,Peace With The Wild,100.0,67.05,64.75,70.51,100.0,100.0
PRDbdaf38ab,PRD194963fe,grüum Hår Zero Plastic Shampoo Bar,grüum Hår Brightening Lemon Shampoo Bar,,,Shampoo Bar,50.0,g,50.0,g,9.0,9.0,GBP,GBP,Amazon.co.uk - Amazon.co.uk-Seller,grüum,89.0,69.02,69.82,67.81,50.0,100.0
PRD1854213e,PRD0d372918,"Nature Triangle Shampoo Bar,Control Oil & Strengthen Hair,Natural Shampoo Bar for Women & Men,2 in 1 Shampoo & Conditioner,Travel Shampoo,Cleansing","Nature Triangle Shampoo Bar, Nature Seven Green Soap Shampoo, Natural Usman Grass Solid Shampoo Bar, Calming & Strengthens Hair for Women and Men 1pc",Nature Triangle,Nature Triangle,Shampoo Bar,,,,,9.99,11.88,GBP,GBP,Amazon.co.uk - Amazon.co.uk-Seller,fruugo.co.uk,88.2,68.18,57.2,84.65,100.0,50.0
PRD89df39f4,PRD0d372918,"Nature Triangle Shampoo Bar, Natural Grass Glutinous Rice Water Solid Shampoo Bar for Hair Care & Hair Growth, Calming & Strengthens Hair, Gentle on","Nature Triangle Shampoo Bar, Nature Seven Green Soap Shampoo, Natural Usman Grass Solid Shampoo Bar, Calming & Strengthens Hair for Women and Men 1pc",Nature Triangle,Nature Triangle,Shampoo Bar,,,,,5.28,11.88,GBP,GBP,Amazon.co.uk - Amazon.co.uk-Seller,fruugo.co.uk,91.9,71.93,64.21,83.5,100.0,50.0
PRD4d74acf3,PRD0d372918,"Nature Triangle Shampoo Bar,Natural Plant-Based Solid Shampoo,Nature Green Soap Shampoo,Cleansing & Nourishing Care for Healthy-Looking Hair ()","Nature Triangle Shampoo Bar, Nature Seven Green Soap Shampoo, Natural Usman Grass Solid Shampoo Bar, Calming & Strengthens Hair for Women and Men 1pc",Nature Triangle,Nature Triangle,Shampoo Bar,2.0,pcs,,,8.87,11.88,GBP,GBP,Amazon.co.uk - Amazon.co.uk-Seller,fruugo.co.uk,89.2,69.18,58.83,84.71,100.0,50.0
PRD1a3b4dcc,PRD9ad672c9,"Rosemary Shampoo Bar, Shampoo Bar with Rosemary & Coconut Oil, Nourish & Moisturize Hair, Solid Soap Easy for Travel",Rosemary Shampoo Bar,Rosemary Shampoo,Rosemary Shampoo,Shampoo Bar,,,,,9.59,2.95,GBP,GBP,fruugo.co.uk,fruugo.co.uk,94.2,74.22,68.57,82.68,100.0,50.0
PRD85157107,PRD201ab1cd,Grüum Twin Pack Nourishing Shampoo Bar - Solid Shampoo Bars for Hair Up to 60 Washes - Plastic Free Vegan Bar for Men & Women - Paraben Free Rich,grüum Twin Pack Volumising Shampoo Bar Solid Shampoo Bars for Hair Up to 60 Washes,Grüum Twin,,Shampoo Bar,50.0,g,50.0,g,15.0,16.0,GBP,GBP,Amazon.co.uk - Amazon.co.uk-Seller,Amazon.co.uk - Amazon.co.uk-Seller,99.9,79.89,79.53,80.42,50.0,100.0
PRDccde7173,PRDb636b1e0,"Solid Shampoo For Dry Hair, 85","Solid Shampoo For Oily Hair, 80",Solid Shampoo,Solid Shampoo,Shampoo Bar,,,,,26.43,28.41,GBP,GBP,eBay - onebioshopcom,eBay - onebioshopcom,98.4,78.45,72.88,86.8,100.0,50.0
PRDccde7173,PRD49a2a30e,"Solid Shampoo For Dry Hair, 85","Solid Shampoo For Curly Hair, 80",Solid Shampoo,Solid Shampoo,Shampoo Bar,,,,,26.43,28.41,GBP,GBP,eBay - onebioshopcom,eBay - onebioshopcom,99.6,79.59,74.0,87.97,100.0,50.0
PRD1558042d,PRD49a2a30e,"Solid Shampoo Bar & Conditioner Bar Set For Curly, Wavy, Coily And","Solid Shampoo For Curly Hair, 80",Solid Shampoo,Solid Shampoo,Shampoo Bar,,,,,12.47,28.41,GBP,GBP,eBay,eBay - onebioshopcom,95.8,65.84,64.44,67.93,100.0,50.0
PRD0d372918,PRDf2daad50,"Nature Triangle Shampoo Bar, Nature Seven Green Soap Shampoo, Natural Usman Grass Solid Shampoo Bar, Calming & Strengthens Hair for Women and Men 1pc","2025 Nature Triangle Shampoo Bar, Nature Seven Green Soap Shampoo, Natural Usman Grass Shampoo Bar, Calming & Strengthens Hair for Women and Men",Nature Triangle,,Shampoo Bar,,,1.0,pcs,11.88,6.89,GBP,GBP,fruugo.co.uk,fruugo.co.uk,92.3,92.32,92.63,91.85,50.0,50.0
PRD0d372918,PRDd8d93ae9,"Nature Triangle Shampoo Bar, Nature Seven Green Soap Shampoo, Natural Usman Grass Solid Shampoo Bar, Calming & Strengthens Hair for Women and Men 1pc","1-3x Nature Triangle Shampoo Bar, Nature Seven Green Soap Shampoo, Natural Usman Grass Shampoo Bar, Calming & Strengthens Hair for Women and Men",Nature Triangle,,Shampoo Bar,,,1.0,pcs,11.88,12.95,GBP,GBP,fruugo.co.uk,fruugo.co.uk,92.2,92.2,91.01,93.98,50.0,50.0
PRDf2daad50,PRDd8d93ae9,"2025 Nature Triangle Shampoo Bar, Nature Seven Green Soap Shampoo, Natural Usman Grass Shampoo Bar, Calming & Strengthens Hair for Women and Men","1-3x Nature Triangle Shampoo Bar, Nature Seven Green Soap Shampoo, Natural Usman Grass Shampoo Bar, Calming & Strengthens Hair for Women and Men",,,Shampoo Bar,1.0,pcs,1.0,pcs,6.89,12.95,GBP,GBP,fruugo.co.uk,fruugo.co.uk,100.0,90.8,92.63,88.05,50.0,100.0
PRD6638f667,PRDdcd5232f,PHOGARY Hair Shampoo Bar,Phogary Hair Shampoo Bar,PHOGARY Hair,Phogary Hair,Shampoo Bar,,,,,8.99,8.99,GBP,GBP,Amazon.co.uk - Amazon.co.uk-Seller,Amazon.co.uk - Amazon.co.uk-Seller,100.0,100.0,100.0,100.0,100.0,50.0
PRD383ec9db,PRDa31876c5,"Hair Shampoo Bar, Anti Hair Loss Soap,anti-hair Loss Rice Shampoo Bar,solid Shampoo, Organic Herbal Solid Soap Hair, Hair Loss Anti Dandruff,shampoo B",Hair Shampoo Bar Soap Organic Ecofriendly Anti Dandruff For Growth,Hair Shampoo,Hair Shampoo,Shampoo Bar,,,85.0,g,11.99,6.36,GBP,GBP,fruugo.co.uk,eBay - sitedv88,98.6,68.6,66.01,72.5,100.0,50.0
PRD383ec9db,PRD7a86bc0c,"Hair Shampoo Bar, Anti Hair Loss Soap,anti-hair Loss Rice Shampoo Bar,solid Shampoo, Organic Herbal Solid Soap Hair, Hair Loss Anti Dandruff,shampoo B",Hair Shampoo Bar Soap Weakly Alkaline Anti Dandruff For Oil,Hair Shampoo,Hair Shampoo,Shampoo Bar,,,85.0,g,11.99,6.44,GBP,GBP,fruugo.co.uk,eBay - suntekmall,95.0,65.03,59.68,73.05,100.0,50.0
PRDef469070,PRDda45072e,"Cacumen Biotae Isatis Indicotica Shampoo Bar, Usman Shampoo Bar Grass","Cacumen Biotae Isatis Indicotica Shampoo Bar, Usman Shampoo Grass Bar",Cacumen Biotae,Cacumen Biotae,Shampoo Bar,,,,,12.28,12.28,GBP,GBP,eBay - yusnshushangmao,eBay - fullhouseer,100.0,99.68,100.0,99.19,100.0,50.0
PRDb636b1e0,PRD49a2a30e,"Solid Shampoo For Oily Hair, 80","Solid Shampoo For Curly Hair, 80",Solid Shampoo,Solid Shampoo,Shampoo Bar,,,,,28.41,28.41,GBP,GBP,eBay - onebioshopcom,eBay - onebioshopcom,100.0,84.93,83.65,86.84,100.0,50.0
PRDa31876c5,PRD7a86bc0c,Hair Shampoo Bar Soap Organic Ecofriendly Anti Dandruff For Growth,Hair Shampoo Bar Soap Weakly Alkaline Anti Dandruff For Oil,Hair Shampoo,Hair Shampoo,Shampoo Bar,85.0,g,85.0,g,6.36,6.44,GBP,GBP,eBay - sitedv88,eBay - suntekmall,100.0,74.22,69.29,81.6,100.0,100.0
