product_1_id,product_2_id,product_1_name,product_2_name,brand_1,brand_2,category,size_value_1,size_unit_1,size_value_2,size_unit_2,price_1,price_2,currency_1,currency_2,retailer_1,retailer_2,similarity,name_similarity,brand_similarity,size_similarity
PRD07b14a1b,PRD8ddeb742,Palmer's Cocoa Butter Formula Body Lotion,Palmer's Cocoa Butter Formula Lotion,Palmer's Cocoa,Palmer's Cocoa,Body Butter,,,,,6.0,4.49,GBP,GBP,Tesco,Boots.com,100.0,94.29,100.0,50.0
PRD07b14a1b,PRDab6f59b8,Palmer's Cocoa Butter Formula Body Lotion,Palmer's Cocoa Butter Formula,Palmer's Cocoa,Palmer's Cocoa,Body Butter,,,,,6.0,4.3,GBP,GBP,Tesco,Tesco,100.0,88.57,100.0,50.0
PRD09d04044,PRD6f3fe59b,Bronnley Eclectic Elements Body Butter,Bronnley Eclectic Elements Zealous Flower Body Butter,Bronnley Eclectic,Bronnley Eclectic,Body Butter,200.0,ml,200.0,ml,13.36,13.36,GBP,GBP,eBay,eBay,100.0,88.57,100.0,100.0
PRD0ac1e5bb,PRD3b9ce914,Tree Hut Whipped Body Butter Vanilla,Tree Hut Tropic Glow Firming Whipped Body Butter,Tree Hut,Tree Hut,Body Butter,,,,,11.99,15.99,GBP,GBP,Boots.com,Holland & Barrett,94.7,74.72,100.0,50.0
PRD0ac1e5bb,PRD3e158b60,Tree Hut Whipped Body Butter Vanilla,Tree Hut Whipped Body Butter,Tree Hut,Tree Hut,Body Butter,,,,,11.99,15.99,GBP,GBP,Boots.com,Holland & Barrett,100.0,93.33,100.0,50.0
PRD0ac1e5bb,PRD4a89a3ef,Tree Hut Whipped Body Butter Vanilla,Tree Hut Moroccan Rose Whipped Body Butter,Tree Hut,Tree Hut,Body Butter,,,,,11.99,15.99,GBP,GBP,Boots.com,Boots.com,97.5,77.5,100.0,50.0
PRD0ac1e5bb,PRD67541c15,Tree Hut Whipped Body Butter Vanilla,Tree Hut Watermelon Whipped Body Butter,Tree Hut,Tree Hut,Body Butter,,,,,11.99,11.99,GBP,GBP,Boots.com,Boots.com,100.0,81.07,100.0,50.0
PRD0ac1e5bb,PRD7afe8a16,Tree Hut Whipped Body Butter Vanilla,Tree Hut Coco Colada Whipped Body Butter,Tree Hut,Tree Hut,Body Butter,,,,,11.99,11.99,GBP,GBP,Boots.com,Boots.com,97.5,77.5,100.0,50.0
PRD0ac1e5bb,PRD8fe440bd,Tree Hut Whipped Body Butter Vanilla,Tree Hut Tropic Glow Whipped Body Butter,Tree Hut,Tree Hut,Body Butter,,,,,11.99,11.99,GBP,GBP,Boots.com,Boots.com,97.5,77.5,100.0,50.0
PRD13d1af7c,PRD88f67225,Organic Shop Nurturing Body Cream Blueberry&Blackberry,Organic Shop Nurturing Body Cream Blueberry & Blackberry,Organic Shop,Organic Shop,Body Butter,,,250.0,ml,2.25,2.25,GBP,GBP,Superdrug.com,Superdrug.com,100.0,100.0,100.0,50.0
PRD30aa3e75,PRDaabefebb,NATURE WELL Shea Body Butter Variety Pack Includes Grapefruit,Nature Well Shea Body Butter Variety Pack,NATURE WELL,Nature Well,Body Butter,,,,,26.7,26.7,GBP,GBP,eBay - checkmystores,eBay - checkmystores,100.0,91.11,100.0,50.0
PRD30f1d99b,PRD8ddeb742,Palmer's Cocoa Butter Formula Tummy Butter For Stretch Marks,Palmer's Cocoa Butter Formula Lotion,Palmer's Cocoa,Palmer's Cocoa,Body Butter,,,,,6.99,4.49,GBP,GBP,spotofglam.co.uk,Boots.com,93.5,73.54,100.0,50.0
PRD30f1d99b,PRDab6f59b8,Palmer's Cocoa Butter Formula Tummy Butter For Stretch Marks,Palmer's Cocoa Butter Formula,Palmer's Cocoa,Palmer's Cocoa,Body Butter,,,,,6.99,4.3,GBP,GBP,spotofglam.co.uk,Tesco,100.0,82.22,100.0,50.0
PRD337887dc,PRDa007b882,Mango Butter Refined / Resealable Pouch,Mango Butter Refined,Mango Butter,Mango Butter,Body Butter,25.0,g,,,3.19,12.99,GBP,GBP,TheSoapery,Naissance UK,100.0,84.0,100.0,50.0
PRD337887dc,PRDad74e0eb,Mango Butter Refined / Resealable Pouch,Mango Butter,Mango Butter,Mango Butter,Body Butter,25.0,g,,,3.19,4.45,GBP,GBP,TheSoapery,Aromantic,100.0,76.0,100.0,50.0
PRD3b9ce914,PRD3e158b60,Tree Hut Tropic Glow Firming Whipped Body Butter,Tree Hut Whipped Body Butter,Tree Hut,Tree Hut,Body Butter,,,,,15.99,15.99,GBP,GBP,Holland & Barrett,Holland & Barrett,100.0,85.0,100.0,50.0
PRD3b9ce914,PRD67541c15,Tree Hut Tropic Glow Firming Whipped Body Butter,Tree Hut Watermelon Whipped Body Butter,Tree Hut,Tree Hut,Body Butter,,,,,15.99,11.99,GBP,GBP,Holland & Barrett,Boots.com,92.4,72.37,100.0,50.0
PRD3b9ce914,PRD8fe440bd,Tree Hut Tropic Glow Firming Whipped Body Butter,Tree Hut Tropic Glow Whipped Body Butter,Tree Hut,Tree Hut,Body Butter,,,,,15.99,11.99,GBP,GBP,Holland & Barrett,Boots.com,100.0,95.0,100.0,50.0
PRD3e158b60,PRD4a89a3ef,Tree Hut Whipped Body Butter,Tree Hut Moroccan Rose Whipped Body Butter,Tree Hut,Tree Hut,Body Butter,,,,,15.99,15.99,GBP,GBP,Holland & Barrett,Boots.com,100.0,88.57,100.0,50.0
PRD3e158b60,PRD67541c15,Tree Hut Whipped Body Butter,Tree Hut Watermelon Whipped Body Butter,Tree Hut,Tree Hut,Body Butter,,,,,15.99,11.99,GBP,GBP,Holland & Barrett,Boots.com,100.0,93.33,100.0,50.0
PRD3e158b60,PRD7afe8a16,Tree Hut Whipped Body Butter,Tree Hut Coco Colada Whipped Body Butter,Tree Hut,Tree Hut,Body Butter,,,,,15.99,11.99,GBP,GBP,Holland & Barrett,Boots.com,100.0,88.57,100.0,50.0
PRD3e158b60,PRD8fe440bd,Tree Hut Whipped Body Butter,Tree Hut Tropic Glow Whipped Body Butter,Tree Hut,Tree Hut,Body Butter,,,,,15.99,11.99,GBP,GBP,Holland & Barrett,Boots.com,100.0,88.57,100.0,50.0
PRD47ea1152,PRDad80f5ee,Soap & Glory Berry & Bright Body Butter,Soap & Glory Limited Edition Body Butter Cherry Wild,Soap,Soap,Body Butter,200.0,ml,200.0,ml,6.0,5.99,GBP,GBP,Boots.com,Boots.com,100.0,62.32,100.0,100.0
PRD4a89a3ef,PRD67541c15,Tree Hut Moroccan Rose Whipped Body Butter,Tree Hut Watermelon Whipped Body Butter,Tree Hut,Tree Hut,Body Butter,,,,,15.99,11.99,GBP,GBP,Boots.com,Boots.com,95.1,75.15,100.0,50.0
PRD4a89a3ef,PRD7afe8a16,Tree Hut Moroccan Rose Whipped Body Butter,Tree Hut Coco Colada Whipped Body Butter,Tree Hut,Tree Hut,Body Butter,,,,,15.99,11.99,GBP,GBP,Boots.com,Boots.com,91.6,71.63,100.0,50.0
PRD4a89a3ef,PRD8fe440bd,Tree Hut Moroccan Rose Whipped Body Butter,Tree Hut Tropic Glow Whipped Body Butter,Tree Hut,Tree Hut,Body Butter,,,,,15.99,11.99,GBP,GBP,Boots.com,Boots.com,91.6,71.63,100.0,50.0
PRD5748515a,PRD9121603a,Josie Maran Whipped Argan Oil Body Butter Vanilla Apricot,Josie Maran Whipped Argan Oil Body Butter Apricot And Magnolia 4.6 Fl,Josie Maran,Josie Maran,Body Butter,4.6,oz,,,22.23,26.73,GBP,GBP,eBay - jhm_cosmetics_n_stuff,eBay - beauty4less70,98.3,78.33,100.0,50.0
PRD67541c15,PRD7afe8a16,Tree Hut Watermelon Whipped Body Butter,Tree Hut Coco Colada Whipped Body Butter,Tree Hut,Tree Hut,Body Butter,,,,,11.99,11.99,GBP,GBP,Boots.com,Boots.com,95.1,75.15,100.0,50.0
PRD67541c15,PRD8fe440bd,Tree Hut Watermelon Whipped Body Butter,Tree Hut Tropic Glow Whipped Body Butter,Tree Hut,Tree Hut,Body Butter,,,,,11.99,11.99,GBP,GBP,Boots.com,Boots.com,95.1,75.15,100.0,50.0
PRD78142e75,PRDd987acec,Sanctuary Spa Signature Natural Oils Melting Pearl Body Butter,Sanctuary Spa Body Butter,Sanctuary Spa,Sanctuary Spa,Body Butter,300.0,ml,,,16.0,13.0,GBP,GBP,Ocado,Boots.com,97.8,77.78,100.0,50.0
PRD78142e75,PRDff85511b,Sanctuary Spa Signature Natural Oils Melting Pearl Body Butter,Sanctuary Spa Signature Collection Body Butter,Sanctuary Spa,Sanctuary Spa,Body Butter,300.0,ml,,,16.0,3.5,GBP,GBP,Ocado,Amazon.co.uk,91.9,71.85,100.0,50.0
PRD7afe8a16,PRD8fe440bd,Tree Hut Coco Colada Whipped Body Butter,Tree Hut Tropic Glow Whipped Body Butter,Tree Hut,Tree Hut,Body Butter,,,,,11.99,11.99,GBP,GBP,Boots.com,Boots.com,91.6,71.63,100.0,50.0
PRD7d4c7911,PRDe20ca495,Burst Bodycare Aloe Body Butter,Burst Bodycare Orange Body Butter,Burst Bodycare,Burst Bodycare,Body Butter,,,200.0,ml,8.0,8.0,GBP,GBP,M&S,M&S,100.0,81.4,100.0,50.0
PRD8487deca,PRD8730dbc2,The Body Shop British Rose Body Butter,The Body Shop Mango Body Butter,The Body,The Body,Body Butter,,,,,4.99,4.07,GBP,GBP,Perfumes Club UK,Perfumes Club UK,95.0,75.03,100.0,50.0
PRD8487deca,PRD9cbc695a,The Body Shop British Rose Body Butter,The Body Shop Coconut Body Butter,The Body,The Body,Body Butter,,,,,4.99,17.47,GBP,GBP,Perfumes Club UK,Amazon.co.uk - Amazon.co.uk-Seller,92.9,72.86,100.0,50.0
PRD8730dbc2,PRD9cbc695a,The Body Shop Mango Body Butter,The Body Shop Coconut Body Butter,The Body,The Body,Body Butter,,,,,4.07,17.47,GBP,GBP,Perfumes Club UK,Amazon.co.uk - Amazon.co.uk-Seller,98.8,78.84,100.0,50.0
PRD8a71614b,PRDfbf2977a,Shea Butter – Refined Resealable Pouch,Shea Butter Refined,Shea Butter,Shea Butter,Body Butter,,,,,30.95,8.1,GBP,GBP,TheSoapery,The Soap Kitchen,100.0,84.0,100.0,50.0
PRD8ddeb742,PRDab6f59b8,Palmer's Cocoa Butter Formula Lotion,Palmer's Cocoa Butter Formula,Palmer's Cocoa,Palmer's Cocoa,Body Butter,,,,,4.49,4.3,GBP,GBP,Boots.com,Tesco,100.0,93.33,100.0,50.0
PRD8ed88d88,PRDe1b4ac16,Derma V10 Body Butter Coconut,Derma V10 Cocoa Body Butter,Derma V10,Derma V10,Body Butter,220.0,ml,,,3.99,1.49,GBP,GBP,Amazon.co.uk - Amazon.co.uk-Seller,Wilko,100.0,82.38,100.0,50.0
PRD8ed88d88,PRDfb8bacb6,Derma V10 Body Butter Coconut,Derma V10 Body Butter Moisturising Cream Vegan Friendly (Coconut),Derma V10,Derma V10,Body Butter,220.0,ml,4.0,pack,3.99,8.1,GBP,GBP,Amazon.co.uk - Amazon.co.uk-Seller,Amazon.co.uk - Amazon.co.uk-Seller,92.2,82.22,100.0,0.0
PRD913efd69,PRDd987acec,Sanctuary Spa Lily & Rose Body Butter,Sanctuary Spa Body Butter,Sanctuary Spa,Sanctuary Spa,Body Butter,,,,,13.0,13.0,GBP,GBP,Boots.com,Boots.com,100.0,86.67,100.0,50.0
PRD913efd69,PRDff85511b,Sanctuary Spa Lily & Rose Body Butter,Sanctuary Spa Signature Collection Body Butter,Sanctuary Spa,Sanctuary Spa,Body Butter,,,,,13.0,3.5,GBP,GBP,Boots.com,Amazon.co.uk,90.0,70.0,100.0,50.0
PRD936bfd10,PRDc1aa7d48,Grace Cole Body Butter Grapefruit,"Grace Cole Grapefruit, Lime & Mint Body Butter",Grace Cole,Grace Cole,Body Butter,225.0,g,,,10.0,10.0,GBP,GBP,Grace Cole,Grace Cole,100.0,88.57,100.0,50.0
PRD9f935292,PRDd987acec,Sanctuary Spa Golden Sandalwood Melting Body Butter,Sanctuary Spa Body Butter,Sanctuary Spa,Sanctuary Spa,Body Butter,,,,,15.99,13.0,GBP,GBP,Superdrug.com,Boots.com,100.0,82.86,100.0,50.0
PRDa007b882,PRDad74e0eb,Mango Butter Refined,Mango Butter,Mango Butter,Mango Butter,Body Butter,,,,,12.99,4.45,GBP,GBP,Naissance UK,Aromantic,100.0,86.67,100.0,50.0
PRDa2063a8c,PRDd4a6232d,Soap & And Glory The Righteous Body Butter,Soap & Glory The Righteous Butter Body Butter,Soap,Soap,Body Butter,600.0,ml,,,20.39,7.49,GBP,GBP,eBay - zorilus7,Boots.com,100.0,94.29,100.0,50.0
PRDa2063a8c,PRDd4a6232d,Soap & And Glory The Righteous Body Butter,Soap & Glory The Righteous Butter Body Butter,Soap,Soap,Body Butter,600.0,ml,,,20.39,49.85,GBP,GBP,eBay - zorilus7,eBay - jadashats-us,100.0,94.29,100.0,50.0
PRDa2063a8c,PRDe4842ed8,Soap & And Glory The Righteous Body Butter,Soap & Glory Original The Righteous Butter Body Lotion,Soap,Soap,Body Butter,600.0,ml,,,20.39,3.66,GBP,GBP,eBay - zorilus7,eBay,100.0,83.51,100.0,50.0
PRDa2063a8c,PRDeff54c48,Soap & And Glory The Righteous Body Butter,Soap and Glory The Righteous Body Butter,Soap,Soap,Body Butter,600.0,ml,,,20.39,9.99,GBP,GBP,eBay - zorilus7,Boots.com,100.0,100.0,100.0,50.0
PRDa2063a8c,PRDf4402683,Soap & And Glory The Righteous Body Butter,Soap & Glory Body Butter The Righteous Butter,Soap,Soap,Body Butter,600.0,ml,,,20.39,7.49,GBP,GBP,eBay - zorilus7,Boots.com,100.0,94.29,100.0,50.0
PRDa783e838,PRDad80f5ee,Soap & Glory Limited Edition Fresh As Fig Body Butter,Soap & Glory Limited Edition Body Butter Cherry Wild,Soap,Soap,Body Butter,,,200.0,ml,5.99,5.99,GBP,GBP,Boots.com,Boots.com,93.6,73.64,100.0,50.0
PRDd4a6232d,PRDe4842ed8,Soap & Glory The Righteous Butter Body Butter,Soap & Glory Original The Righteous Butter Body Lotion,Soap,Soap,Body Butter,,,,,7.49,3.66,GBP,GBP,Boots.com,eBay,100.0,90.0,100.0,50.0
PRDd4a6232d,PRDeff54c48,Soap & Glory The Righteous Butter Body Butter,Soap and Glory The Righteous Body Butter,Soap,Soap,Body Butter,,,,,7.49,9.99,GBP,GBP,Boots.com,Boots.com,100.0,94.29,100.0,50.0
PRDd4a6232d,PRDf4402683,Soap & Glory The Righteous Butter Body Butter,Soap & Glory Body Butter The Righteous Butter,Soap,Soap,Body Butter,,,,,7.49,7.49,GBP,GBP,Boots.com,Boots.com,100.0,100.0,100.0,50.0
PRDd4a6232d,PRDe4842ed8,Soap & Glory The Righteous Butter Body Butter,Soap & Glory Original The Righteous Butter Body Lotion,Soap,Soap,Body Butter,,,,,49.85,3.66,GBP,GBP,eBay - jadashats-us,eBay,100.0,90.0,100.0,50.0
PRDd4a6232d,PRDeff54c48,Soap & Glory The Righteous Butter Body Butter,Soap and Glory The Righteous Body Butter,Soap,Soap,Body Butter,,,,,49.85,9.99,GBP,GBP,eBay - jadashats-us,Boots.com,100.0,94.29,100.0,50.0
PRDd4a6232d,PRDf4402683,Soap & Glory The Righteous Butter Body Butter,Soap & Glory Body Butter The Righteous Butter,Soap,Soap,Body Butter,,,,,49.85,7.49,GBP,GBP,eBay - jadashats-us,Boots.com,100.0,100.0,100.0,50.0
PRDd987acec,PRDff85511b,Sanctuary Spa Body Butter,Sanctuary Spa Signature Collection Body Butter,Sanctuary Spa,Sanctuary Spa,Body Butter,,,,,13.0,3.5,GBP,GBP,Boots.com,Amazon.co.uk,100.0,86.67,100.0,50.0
PRDdc65729d,PRDf098e420,Body Butter with Mango Butter – Lime,Body Butter For Dry Skin Mango (body Butter),Body Butter,Body Butter,Body Butter,,,50.0,ml,7.99,24.91,GBP,GBP,Handmade Fever,eBay - onebioshopcom,91.4,61.36,100.0,50.0
PRDdc65729d,PRDf1b0c5d0,Body Butter with Mango Butter – Lime,Body Butter with Mango Butter – Patchouli and Orange,Body Butter,Body Butter,Body Butter,,,,,7.99,7.99,GBP,GBP,Handmade Fever,Handmade Fever,100.0,73.88,100.0,50.0
PRDe4842ed8,PRDeff54c48,Soap & Glory Original The Righteous Butter Body Lotion,Soap and Glory The Righteous Body Butter,Soap,Soap,Body Butter,,,,,3.66,9.99,GBP,GBP,eBay,Boots.com,100.0,83.51,100.0,50.0
PRDe4842ed8,PRDf4402683,Soap & Glory Original The Righteous Butter Body Lotion,Soap & Glory Body Butter The Righteous Butter,Soap,Soap,Body Butter,,,,,3.66,7.49,GBP,GBP,eBay,Boots.com,100.0,90.0,100.0,50.0
PRDeff54c48,PRDf4402683,Soap and Glory The Righteous Body Butter,Soap & Glory Body Butter The Righteous Butter,Soap,Soap,Body Butter,,,,,9.99,7.49,GBP,GBP,Boots.com,Boots.com,100.0,94.29,100.0,50.0
PRD03dcabb3,PRD2c4133ca,Nourishing Conditioner Bar,alott - nourishing conditioner bar,Nourishing Conditioner,,Conditioner Bar,,,,,7.0,16.0,GBP,GBP,Marigold Charms,Jjungl,90.0,90.0,50.0,50.0
PRD0e1b0d18,PRDe76a14df,Unscented Conditioner Solid Bar,Unscented Conditioner Bars,Unscented Conditioner,Unscented Conditioner,Conditioner Bar,,,,,4.0,10.0,GBP,GBP,Megan and Willow,Pentland Aromatics,90.7,70.74,100.0,50.0
PRD1c1228d1,PRD531eecf5,KinKind Give Me More Deep Conditioner Bar,KinKind Give Me Strength Conditioner Bar,KinKind Give,KinKind Give,Conditioner Bar,,,,,8.95,7.5,GBP,GBP,Amazon.co.uk - Amazon.co.uk-Seller,Amazon.co.uk - Amazon.co.uk-Seller,97.4,77.39,100.0,50.0
PRD20a91ac1,PRDce3bdf79,Notice Hair Co. Stimulator Conditioner Bar,Notice Hair Co. Detoxifier Conditioner Bar,Notice Hair,Notice Hair,Conditioner Bar,,,,,9.85,9.85,GBP,GBP,Cheeks Ahoy,Cheeks Ahoy,99.3,79.28,100.0,50.0
PRD22ae5503,PRDd8cac166,Superfly Soap Solid Hair Conditioner Bar,Superfly Soap Hair Conditioner Bar,Superfly Soap,Superfly Soap,Conditioner Bar,,,,,8.3,8.3,GBP,GBP,Amazon.co.uk - Amazon.co.uk-Seller,Amazon.co.uk - Amazon.co.uk-Seller,100.0,93.33,100.0,50.0
PRD23f263da,PRDca5f4122,Natural Hair Conditioning Bar – Bergamot,Natural Hair Conditioning Bar – Lavender,Natural Hair,Natural Hair,Conditioner Bar,,,,,4.99,4.99,GBP,GBP,Handmade Fever,Handmade Fever,98.6,78.61,100.0,50.0
PRD23f263da,PRDceb86729,Natural Hair Conditioning Bar – Bergamot,Natural Hair Conditioning Bar – Lemongrass,Natural Hair,Natural Hair,Conditioner Bar,,,,,4.99,4.99,GBP,GBP,Handmade Fever,Handmade Fever,98.6,78.61,100.0,50.0
PRD24f16863,PRD8e54123b,Friendly Soap Conditioner Bar Peppermint & Eucalyptus,Conditioner Bar - - Peppermint & Eucalyptus | Friendly Soap,Friendly Soap,Friendly Soap,Conditioner Bar,,,12.0,pack,8.99,91.7,GBP,GBP,REGN,Friendly Soap,100.0,100.0,100.0,50.0
PRD253e76e4,PRD949949da,The Soap Mine Solid Conditioner Bar - Lavender & Orange,The Soap Mine Solid Conditioner Bar - Fragrance Free,The Soap,The Soap,Conditioner Bar,,,,,5.85,5.85,GBP,GBP,Babi Pur,Babi Pur,93.9,73.9,100.0,50.0
PRD253e76e4,PRD9d164e19,The Soap Mine Solid Conditioner Bar - Lavender & Orange,The Soap Mine Solid Conditioner Bar,The Soap,The Soap,Conditioner Bar,,,,,5.85,6.5,GBP,GBP,Babi Pur,Eco Bee,100.0,90.0,100.0,50.0
PRD272cfb82,PRDa1005f77,Lemon Solid Conditioner Bar,Lemon Solid Conditioner - Hair & Bee Solid Conditioner Bar Conditioner bar in tin,Lemon Solid,Lemon Solid,Conditioner Bar,,,,,8.0,6.99,GBP,GBP,The Pampered Blue Bee,Bee Haven Bodycare & Gifts,100.0,80.0,100.0,50.0
PRD28257c33,PRD392d044d,Friendly Soap Conditioner Bar - Lavender & Tea Tree,Friendly Soap Lavender Tea Tree Conditioner Bar,Friendly Soap,Friendly Soap,Conditioner Bar,90.0,g,,,33.22,9.62,GBP,GBP,eBay - gudz_uk,Amazon.co.uk - Amazon.co.uk-Seller,100.0,100.0,100.0,50.0
PRD28257c33,PRD9e61c9a7,Friendly Soap Conditioner Bar - Lavender & Tea Tree,Friendly Soap Lavender & Geranium Conditioner Bar,Friendly Soap,Friendly Soap,Conditioner Bar,90.0,g,,,33.22,8.99,GBP,GBP,eBay - gudz_uk,C & G Natural Beauty Shop,98.6,78.65,100.0,50.0
PRD28257c33,PRDa1991032,Friendly Soap Conditioner Bar - Lavender & Tea Tree,Friendly Soap Conditioner Bar - Fragrance-free,Friendly Soap,Friendly Soap,Conditioner Bar,90.0,g,90.0,g,33.22,33.22,GBP,GBP,eBay - gudz_uk,eBay - gudz_uk,100.0,66.57,100.0,100.0
PRD28257c33,PRDcdd158d6,Friendly Soap Conditioner Bar - Lavender & Tea Tree,Friendly Soap Conditioner Bar Lavender & Geranium,Friendly Soap,Friendly Soap,Conditioner Bar,90.0,g,,,33.22,9.99,GBP,GBP,eBay - gudz_uk,Amazon.co.uk - Amazon.co.uk-Seller,98.6,78.65,100.0,50.0
PRD28257c33,PRDcdd158d6,Friendly Soap Conditioner Bar - Lavender & Tea Tree,Friendly Soap Conditioner Bar Lavender & Geranium,Friendly Soap,Friendly Soap,Conditioner Bar,90.0,g,,,33.22,8.99,GBP,GBP,eBay - gudz_uk,Friendly Soap,98.6,78.65,100.0,50.0
PRD392d044d,PRD99303b82,Friendly Soap Lavender Tea Tree Conditioner Bar,Conditioner Bar - - Lavender & Geranium | Friendly Soap,Friendly Soap,Friendly Soap,Conditioner Bar,,,12.0,pack,9.62,91.7,GBP,GBP,Amazon.co.uk - Amazon.co.uk-Seller,Friendly Soap,98.6,78.65,100.0,50.0
PRD392d044d,PRD9e61c9a7,Friendly Soap Lavender Tea Tree Conditioner Bar,Friendly Soap Lavender & Geranium Conditioner Bar,Friendly Soap,Friendly Soap,Conditioner Bar,,,,,9.62,8.99,GBP,GBP,Amazon.co.uk - Amazon.co.uk-Seller,C & G Natural Beauty Shop,98.6,78.65,100.0,50.0
PRD392d044d,PRDcdd158d6,Friendly Soap Lavender Tea Tree Conditioner Bar,Friendly Soap Conditioner Bar Lavender & Geranium,Friendly Soap,Friendly Soap,Conditioner Bar,,,,,9.62,9.99,GBP,GBP,Amazon.co.uk - Amazon.co.uk-Seller,Amazon.co.uk - Amazon.co.uk-Seller,98.6,78.65,100.0,50.0
PRD392d044d,PRDcdd158d6,Friendly Soap Lavender Tea Tree Conditioner Bar,Friendly Soap Conditioner Bar Lavender & Geranium,Friendly Soap,Friendly Soap,Conditioner Bar,,,,,9.62,8.99,GBP,GBP,Amazon.co.uk - Amazon.co.uk-Seller,Friendly Soap,98.6,78.65,100.0,50.0
PRD4f126442,PRDc9b3c65a,(bulkx6) Anihana Conditioner Bar Lavender & Lemon -oily And Fine,Anihana Conditioner Bar Lavender & Lemon,,Anihana Conditioner,Conditioner Bar,60.0,g,60.0,g,114.93,6.0,GBP,GBP,eBay,HealthPost.co.nz,100.0,82.22,50.0,100.0
PRD51756516,PRDab4a7afe,Petal Power Bloom in Soap Refill Conditioner Bar,Petal Power Bloom in Soap Hair Conditioner Bars,Petal Power,Petal Power,Conditioner Bar,,,,,9.99,9.99,GBP,GBP,Bloom In Soap,Bloom In Soap,98.3,78.32,100.0,50.0
PRD591db5d1,PRD898379d1,Natural Conditioner Bar,Natural Conditioner Bar with Pink Clay & Grapefruit,Natural Conditioner,Natural Conditioner,Conditioner Bar,,,,,8.0,8.0,GBP,GBP,Wriggly Tin Soap Co.,Wriggly Tin Soap Co.,97.1,77.14,100.0,50.0
PRD5cc056bd,PRDd44093d8,Conditioner Bar for Hair Growth,Conditioner Bar for All Hair Types,Conditioner Bar,Conditioner Bar,Conditioner Bar,,,,,22.26,9.6,GBP,GBP,Snapklik.com,Owl & Bee UK,95.2,75.22,100.0,50.0
PRD5cc056bd,PRDd94aeaa8,Conditioner Bar for Hair Growth,Conditioner Bar for Thin Hair,Conditioner Bar,Conditioner Bar,Conditioner Bar,,,,,22.26,13.0,GBP,GBP,Snapklik.com,Local Boom Gift Shop,100.0,81.01,100.0,50.0
PRD6ac91761,PRDe408fb7b,Coconut Curls Conditioning Shampoo Bar,Coconut Curls Conditioning Shampoo Bar Trial Size,Coconut Curls,Coconut Curls,Conditioner Bar,,,,,11.99,5.49,GBP,GBP,Bloom In Soap,Bloom In Soap,100.0,88.57,100.0,50.0
PRD8e54123b,PRD99303b82,Conditioner Bar - - Peppermint & Eucalyptus | Friendly Soap,Conditioner Bar - - Lavender & Geranium | Friendly Soap,Friendly Soap,Friendly Soap,Conditioner Bar,12.0,pack,12.0,pack,91.7,91.7,GBP,GBP,Friendly Soap,Friendly Soap,100.0,65.79,100.0,100.0
PRD949949da,PRD9d164e19,The Soap Mine Solid Conditioner Bar - Fragrance Free,The Soap Mine Solid Conditioner Bar,The Soap,The Soap,Conditioner Bar,,,,,5.85,6.5,GBP,GBP,Babi Pur,Eco Bee,100.0,90.0,100.0,50.0
PRD99303b82,PRD9e61c9a7,Conditioner Bar - - Lavender & Geranium | Friendly Soap,Friendly Soap Lavender & Geranium Conditioner Bar,Friendly Soap,Friendly Soap,Conditioner Bar,12.0,pack,,,91.7,8.99,GBP,GBP,Friendly Soap,C & G Natural Beauty Shop,100.0,100.0,100.0,50.0
PRD99303b82,PRDcdd158d6,Conditioner Bar - - Lavender & Geranium | Friendly Soap,Friendly Soap Conditioner Bar Lavender & Geranium,Friendly Soap,Friendly Soap,Conditioner Bar,12.0,pack,,,91.7,9.99,GBP,GBP,Friendly Soap,Amazon.co.uk - Amazon.co.uk-Seller,100.0,100.0,100.0,50.0
PRD99303b82,PRDcdd158d6,Conditioner Bar - - Lavender & Geranium | Friendly Soap,Friendly Soap Conditioner Bar Lavender & Geranium,Friendly Soap,Friendly Soap,Conditioner Bar,12.0,pack,,,91.7,8.99,GBP,GBP,Friendly Soap,Friendly Soap,100.0,100.0,100.0,50.0
PRD9e61c9a7,PRDcdd158d6,Friendly Soap Lavender & Geranium Conditioner Bar,Friendly Soap Conditioner Bar Lavender & Geranium,Friendly Soap,Friendly Soap,Conditioner Bar,,,,,8.99,9.99,GBP,GBP,C & G Natural Beauty Shop,Amazon.co.uk - Amazon.co.uk-Seller,100.0,100.0,100.0,50.0
PRD9e61c9a7,PRDcdd158d6,Friendly Soap Lavender & Geranium Conditioner Bar,Friendly Soap Conditioner Bar Lavender & Geranium,Friendly Soap,Friendly Soap,Conditioner Bar,,,,,8.99,8.99,GBP,GBP,C & G Natural Beauty Shop,Friendly Soap,100.0,100.0,100.0,50.0
PRDa1991032,PRDcd1840e0,Friendly Soap Conditioner Bar - Fragrance-free,Friendly Soap Conditioner Bar Fragrance Free,Friendly Soap,Friendly Soap,Conditioner Bar,90.0,g,,,33.22,8.99,GBP,GBP,eBay - gudz_uk,Friendly Soap,100.0,100.0,100.0,50.0
PRDa43053ee,PRDbb255664,Bain & Savon Natural Conditioner Bar,Bain & Savon Natural Conditioner Bar Brittle Heat Damaged Hair,Bain,Bain,Conditioner Bar,,,105.0,g,9.0,9.0,GBP,GBP,Peace With The Wild,Peace With The Wild,100.0,82.22,100.0,50.0
PRDb007f6f2,PRDc3647fd8,CONDITIONER BAR SEAWEED - PURC CONDITIONER BAR SEAWEED VEGAN CONDITIONER,CONDITIONER BAR LAVENDER - PURC CONDITIONER BAR LAVENDER CRUELTY FREE VEGAN CONDITIONER BAR,CONDITIONER BAR,CONDITIONER BAR,Conditioner Bar,,,,,18.55,18.55,GBP,GBP,pure-keratin.com,pure-keratin.com,92.0,72.0,100.0,50.0
PRDb5b5c690,PRDd4987f16,Folk Soap Conditioner Bar,Folk Soap Solid Conditioner Bar,Folk Soap,Folk Soap,Conditioner Bar,,,,,9.0,8.0,GBP,GBP,Folk Soap,Folk Soap,100.0,92.0,100.0,50.0
PRDc18dacd6,PRDff2e9b24,Ethique Wonderbar Conditioner Bar For Oily to Normal Hair,Ethique Wonderbar Conditioner Bar for Oily-Normal Hair-Mini,Ethique Wonderbar,Ethique Wonderbar,Conditioner Bar,,,,,12.99,3.5,GBP,GBP,Amazon.co.uk - Amazon.co.uk-Seller,New Zealand Nature - UK,100.0,90.38,100.0,50.0
PRDc6b2dce0,PRDf57f1fc4,Kitsch Rice Water Protein Conditioner Bar,Kitsch Strengthening Hair Conditioner Bar with Rice Water Protein | Made in US | Eco-Friendly Cleansing and Moisturizing,Kitsch,Kitsch,Conditioner Bar,,,,,8.44,21.01,GBP,GBP,Amazon.co.uk - Amazon.co.uk-Seller,OnBuy.com,94.1,74.12,100.0,50.0
PRDc8e73bf0,PRDe4a75ca8,Hairy Jayne Musk Conditioner Bar,Hairy Jayne Solid Conditioner Bar,Hairy Jayne,Hairy Jayne,Conditioner Bar,,,,,8.0,9.0,GBP,GBP,Hairy Jayne,Zero Store,100.0,81.58,100.0,50.0
PRDca5f4122,PRDceb86729,Natural Hair Conditioning Bar – Lavender,Natural Hair Conditioning Bar – Lemongrass,Natural Hair,Natural Hair,Conditioner Bar,,,,,4.99,4.99,GBP,GBP,Handmade Fever,Handmade Fever,99.0,78.97,100.0,50.0
PRDd44093d8,PRDd94aeaa8,Conditioner Bar for All Hair Types,Conditioner Bar for Thin Hair,Conditioner Bar,Conditioner Bar,Conditioner Bar,,,,,9.6,13.0,GBP,GBP,Owl & Bee UK,Local Boom Gift Shop,97.2,77.2,100.0,50.0
PRD05f3959d,PRD8dad10bb,Geek & Gorgeous 101 HA 5 Rich Serum,Geek & Gorgeous 101 HA 5 Light Serum,Geek,Geek,Face Serum,,,5.0,l,8.99,8.99,GBP,GBP,Superdrug.com,Superdrug.com,100.0,85.52,100.0,50.0
PRD0ae0b659,PRD73e83d02,Dr Rashel Face Serum,"DR RASHEL Vitamin C Face Serum, Brightening & Anti-aging Facial Serum, Vitamin C Serum for Face with Hyaluronic Acid, Organic Vitamin C Serum for Face",Dr Rashel,DR RASHEL,Face Serum,,,,,3.5,7.49,GBP,GBP,eBay,Amazon.co.uk - Amazon.co.uk-Seller,90.7,70.67,100.0,50.0
PRD1013f8e3,PRDe522a9dd,La Roche Posay Hyalu B5 Hyaluronic Acid Serum,La Roche Posay Cicaplast B5 Serum,La Roche,La Roche,Face Serum,,,,,35.98,40.0,GBP,GBP,Superdrug.com,Boots.com,91.5,71.51,100.0,50.0
PRD13bb90a1,PRDf1dd78e3,Garnier Brightening Serum,Garnier Vitamin C Brightening and Anti Dark Spot Serum Duo,Garnier,Garnier,Face Serum,,,,,9.33,19.49,GBP,GBP,Boots.com,LOOKFANTASTIC,92.0,72.0,100.0,50.0
PRD3ea36cb3,PRD942b49b3,"PDRN Pink Peptide Serum- Korean Skincare PDRN Serum,Dark Spot Remover,Niacinamide Face Serum for Dark Spots & Barrier Repair,Hydrating,Moisturizing","PDRN Pink Peptide Serum With SPF30–Korean Skincare for Wrinkles&Hydration,Niacinamide Face Serum,Dark Spot Corrector&Barrier Repair,Hyperpigmentation",PDRN Pink,PDRN Pink,Face Serum,,,,,8.99,9.39,GBP,GBP,Amazon.co.uk - Amazon.co.uk-Seller,Amazon.co.uk - Amazon.co.uk-Seller,100.0,71.88,100.0,50.0
PRD51a95166,PRDb976da70,Plant Therapy Facial Serum,Plant Therapy Facial Serum Trio Set,Plant Therapy,Plant Therapy,Face Serum,,,,,12.61,22.27,GBP,GBP,Plant Therapy,Plant Therapy,100.0,86.67,100.0,50.0
PRD7fbc6b10,PRD9c4343cd,The Ordinary Multi-Peptide + Copper Peptides 1% Serum,The Ordinary Multi-Peptide + HA Serum,The Ordinary,The Ordinary,Face Serum,,,,,22.25,21.56,GBP,GBP,The Ordinary,The Ordinary,99.5,79.54,100.0,50.0
PRD9119da25,PRDd11745ae,Neutrogena Hydro Boost Niacinamide Serum,Neutrogena Hydro Boost Concentrated Serum,Neutrogena Hydro,Neutrogena Hydro,Face Serum,,,,,12.76,9.39,GBP,GBP,Pharmeden,Amazon.co.uk - Amazon.co.uk-Seller,97.0,77.04,100.0,50.0
PRDce9b3f2d,PRDe4a46626,The Ordinary Niacinamide 10% + Zinc 1%,The Ordinary Niacinamide 10% + Zinc 1% Face Serum,The Ordinary,The Ordinary,Face Serum,,,30.0,ml,6.93,43.92,GBP,GBP,The Ordinary,eBay - gharisi,100.0,90.0,100.0,50.0
PRDce9b3f2d,PRDe4a46626,The Ordinary Niacinamide 10% + Zinc 1%,The Ordinary Niacinamide 10% + Zinc 1% Face Serum,The Ordinary,The Ordinary,Face Serum,,,30.0,ml,5.0,43.92,GBP,GBP,Boots.com,eBay - gharisi,100.0,90.0,100.0,50.0
PRD033d0941,PRDeb8c5891,KinKind Shampoo Bar Set,KinKind Shampoo & Bodywash Bars Set,KinKind Shampoo,KinKind Shampoo,Shampoo Bar,,,,,25.5,9.95,GBP,GBP,Amazon.co.uk - Amazon.co.uk-Seller,KinKind,94.3,74.29,100.0,50.0
PRD0590e833,PRDbc45741b,Davines Love Shampoo Bar,Davines DEDE Shampoo Bar,Davines,Davines,Shampoo Bar,,,,,18.5,18.5,GBP,GBP,Cult Beauty,North Laine Hair Company,97.0,77.02,100.0,50.0
PRD0590e833,PRDbc45741b,Davines Love Shampoo Bar,Davines DEDE Shampoo Bar,Davines,Davines,Shampoo Bar,,,,,18.5,18.5,GBP,GBP,Cult Beauty,Davines,97.0,77.02,100.0,50.0
PRD073ac21d,PRD17d42fdf,Eco Warrior Sensitive Scalp Shampoo Bar,Eco Warrior Nourishing Shampoo Bar,Eco Warrior,Eco Warrior,Shampoo Bar,,,,,4.35,5.5,GBP,GBP,Waitrose & Partners,Tesco,91.3,71.28,100.0,50.0
PRD073ac21d,PRD3d2887a7,Eco Warrior Sensitive Scalp Shampoo Bar,Eco Warrior Blue Shampoo Bar,Eco Warrior,Eco Warrior,Shampoo Bar,,,,,4.35,6.5,GBP,GBP,Waitrose & Partners,Justmylook,97.0,76.97,100.0,50.0
PRD073ac21d,PRDc39c546e,Eco Warrior Sensitive Scalp Shampoo Bar,Eco Warrior Dry Hair Shampoo Bar,Eco Warrior,Eco Warrior,Shampoo Bar,,,,,4.35,5.5,GBP,GBP,Waitrose & Partners,Tesco,90.2,70.18,100.0,50.0
PRD0d372918,PRD223495c4,"Nature Triangle Shampoo Bar, Nature Seven Green Soap Shampoo, Natural Usman Grass Solid Shampoo Bar, Calming & Strengthens Hair for Women and Men 1pc","Nature Triangle Shampoo Bar, Nature Seven Green Soap Shampoo, Usman Grass ShampooBar, Natural Plant Ingredients, Calming & Strengthens Hair for Women",Nature Triangle,Nature Triangle,Shampoo Bar,,,,,11.88,9.99,GBP,GBP,fruugo.co.uk,Amazon.co.uk - Amazon.co.uk-Seller,100.0,82.27,100.0,50.0
PRD0d372918,PRD4633f3ef,"Nature Triangle Shampoo Bar, Nature Seven Green Soap Shampoo, Natural Usman Grass Solid Shampoo Bar, Calming & Strengthens Hair for Women and Men 1pc","Nature Triangle Shampoo Bar, Usman Grass & Nature Seven Green Soap Solid Shampoo, Gentle Hair Cleansing & Strengthening for Women and Men (1)",Nature Triangle,Nature Triangle,Shampoo Bar,,,,,11.88,9.98,GBP,GBP,fruugo.co.uk,Amazon.co.uk - Amazon.co.uk-Seller,100.0,81.24,100.0,50.0
PRD0d372918,PRD71523043,"Nature Triangle Shampoo Bar, Nature Seven Green Soap Shampoo, Natural Usman Grass Solid Shampoo Bar, Calming & Strengthens Hair for Women and Men 1pc","Nature Triangle Shampoo Bar, Natural Cypress Leaf Usman Grass Solid Shampoo Bar, Calming & Strengthens Hair Vegan, for Hair Care for Women and Mens (",Nature Triangle,Nature Triangle,Shampoo Bar,,,,,11.88,5.99,GBP,GBP,fruugo.co.uk,Amazon.co.uk - Amazon.co.uk-Seller,96.8,76.78,100.0,50.0
PRD0d372918,PRD9f09222c,"Nature Triangle Shampoo Bar, Nature Seven Green Soap Shampoo, Natural Usman Grass Solid Shampoo Bar, Calming & Strengthens Hair for Women and Men 1pc",Nature Triangle Usman Grass Shampoo Bar,Nature Triangle,Nature Triangle,Shampoo Bar,,,,,11.88,9.97,GBP,GBP,fruugo.co.uk,Amazon.co.uk - Amazon.co.uk-Seller,92.6,72.63,100.0,50.0
PRD0d372918,PRDd8d93ae9,"Nature Triangle Shampoo Bar, Nature Seven Green Soap Shampoo, Natural Usman Grass Solid Shampoo Bar, Calming & Strengthens Hair for Women and Men 1pc","1-3x Nature Triangle Shampoo Bar, Nature Seven Green Soap Shampoo, Natural Usman Grass Shampoo Bar, Calming & Strengthens Hair for Women and Men",Nature Triangle,,Shampoo Bar,,,1.0,pcs,11.88,12.95,GBP,GBP,fruugo.co.uk,fruugo.co.uk,91.0,91.01,50.0,50.0
PRD0d372918,PRDdb039b35,"Nature Triangle Shampoo Bar, Nature Seven Green Soap Shampoo, Natural Usman Grass Solid Shampoo Bar, Calming & Strengthens Hair for Women and Men 1pc","Nature Triangle Shampoo Bar, Nature Green Triangle Solide Shampoo Soap, Cleansing Nourishing Hair Strengthens Hair, for Women And Men ()",Nature Triangle,Nature Triangle,Shampoo Bar,,,2.0,pcs,11.88,9.99,GBP,GBP,fruugo.co.uk,Amazon.co.uk - Amazon.co.uk-Seller,92.2,72.16,100.0,50.0
PRD0d372918,PRDdd85df46,"Nature Triangle Shampoo Bar, Nature Seven Green Soap Shampoo, Natural Usman Grass Solid Shampoo Bar, Calming & Strengthens Hair for Women and Men 1pc","Nature Triangle Shampoo Bar, Nature Seven Green Soap shampoo, Seven Green Shampoo bar, Usman Grass Shampoo Bar, Polygonum Shampoo Soap, Calming &",Nature Triangle,Nature Triangle,Shampoo Bar,,,,,11.88,6.99,GBP,GBP,fruugo.co.uk,Amazon.co.uk - Amazon.co.uk-Seller,95.7,75.65,100.0,50.0
PRD0d372918,PRDf2daad50,"Nature Triangle Shampoo Bar, Nature Seven Green Soap Shampoo, Natural Usman Grass Solid Shampoo Bar, Calming & Strengthens Hair for Women and Men 1pc","2025 Nature Triangle Shampoo Bar, Nature Seven Green Soap Shampoo, Natural Usman Grass Shampoo Bar, Calming & Strengthens Hair for Women and Men",Nature Triangle,,Shampoo Bar,,,1.0,pcs,11.88,6.89,GBP,GBP,fruugo.co.uk,fruugo.co.uk,92.6,92.63,50.0,50.0
PRD1558042d,PRD49a2a30e,"Solid Shampoo Bar & Conditioner Bar Set For Curly, Wavy, Coily And","Solid Shampoo For Curly Hair, 80",Solid Shampoo,Solid Shampoo,Shampoo Bar,,,,,12.47,28.41,GBP,GBP,eBay,eBay - onebioshopcom,94.4,64.44,100.0,50.0
PRD17d42fdf,PRD3d2887a7,Eco Warrior Nourishing Shampoo Bar,Eco Warrior Blue Shampoo Bar,Eco Warrior,Eco Warrior,Shampoo Bar,,,,,5.5,6.5,GBP,GBP,Tesco,Justmylook,100.0,80.78,100.0,50.0
PRD17d42fdf,PRDc39c546e,Eco Warrior Nourishing Shampoo Bar,Eco Warrior Dry Hair Shampoo Bar,Eco Warrior,Eco Warrior,Shampoo Bar,,,,,5.5,5.5,GBP,GBP,Tesco,Tesco,93.0,73.04,100.0,50.0
PRD1e850c4f,PRDc2643e4f,Faith in Nature Coconut & Shea Butter Shampoo Bar,Faith in Nature Shea & Argan Shampoo Bar,Faith in Nature,Faith in Nature,Shampoo Bar,,,,,7.0,5.25,GBP,GBP,Holland & Barrett,Natural Collection,100.0,81.52,100.0,50.0
PRD1e850c4f,PRDc2643e4f,Faith in Nature Coconut & Shea Butter Shampoo Bar,Faith in Nature Shea & Argan Shampoo Bar,Faith in Nature,Faith in Nature,Shampoo Bar,,,,,4.5,5.25,GBP,GBP,Amazon.co.uk,Natural Collection,100.0,81.52,100.0,50.0
PRD201ab1cd,PRD85157107,grüum Twin Pack Volumising Shampoo Bar Solid Shampoo Bars for Hair Up to 60 Washes,Grüum Twin Pack Nourishing Shampoo Bar - Solid Shampoo Bars for Hair Up to 60 Washes - Plastic Free Vegan Bar for Men & Women - Paraben Free Rich,,Grüum Twin,Shampoo Bar,50.0,g,50.0,g,16.0,15.0,GBP,GBP,Amazon.co.uk - Amazon.co.uk-Seller,Amazon.co.uk - Amazon.co.uk-Seller,99.5,79.53,50.0,100.0
PRD214bc95b,PRD6572e1b1,Friendly Soap Lavender & Geranium Shampoo Bar,Friendly Soap - Lavender & Tea Tree Shampoo Bar - Eco Friendly,Friendly Soap,Friendly Soap,Shampoo Bar,,,,,3.25,2.95,GBP,GBP,Hell Yeah,Indespoke,95.2,75.21,100.0,50.0
PRD214bc95b,PRDc26d29e5,Friendly Soap Lavender & Geranium Shampoo Bar,Soapy Scraps Shampoo Bar - Lavender & Tea Tree | Friendly Soap,Friendly Soap,Friendly Soap,Shampoo Bar,,,,,3.25,10.99,GBP,GBP,Hell Yeah,Friendly Soap,93.0,72.99,100.0,50.0
PRD223495c4,PRD9f09222c,"Nature Triangle Shampoo Bar, Nature Seven Green Soap Shampoo, Usman Grass ShampooBar, Natural Plant Ingredients, Calming & Strengthens Hair for Women",Nature Triangle Usman Grass Shampoo Bar,Nature Triangle,Nature Triangle,Shampoo Bar,,,,,9.99,9.97,GBP,GBP,Amazon.co.uk - Amazon.co.uk-Seller,Amazon.co.uk - Amazon.co.uk-Seller,93.3,73.33,100.0,50.0
PRD223495c4,PRDdd85df46,"Nature Triangle Shampoo Bar, Nature Seven Green Soap Shampoo, Usman Grass ShampooBar, Natural Plant Ingredients, Calming & Strengthens Hair for Women","Nature Triangle Shampoo Bar, Nature Seven Green Soap shampoo, Seven Green Shampoo bar, Usman Grass Shampoo Bar, Polygonum Shampoo Soap, Calming &",Nature Triangle,Nature Triangle,Shampoo Bar,,,,,9.99,6.99,GBP,GBP,Amazon.co.uk - Amazon.co.uk-Seller,Amazon.co.uk - Amazon.co.uk-Seller,96.7,76.7,100.0,50.0
PRD383ec9db,PRDa31876c5,"Hair Shampoo Bar, Anti Hair Loss Soap,anti-hair Loss Rice Shampoo Bar,solid Shampoo, Organic Herbal Solid Soap Hair, Hair Loss Anti Dandruff,shampoo B",Hair Shampoo Bar Soap Organic Ecofriendly Anti Dandruff For Growth,Hair Shampoo,Hair Shampoo,Shampoo Bar,,,85.0,g,11.99,6.36,GBP,GBP,fruugo.co.uk,eBay - sitedv88,96.0,66.01,100.0,50.0
PRD3873f52e,PRD3ac1f6ed,Garnier Ultimate Blends Shampoo Bar Ginger Recovery,Garnier Ultimate Blends Argan & Camellia Shampoo Bar,Garnier,Garnier,Shampoo Bar,60.0,g,,,5.25,4.47,GBP,GBP,Amazon.co.uk - Amazon.co.uk-Seller,Amazon.co.uk - Amazon.co.uk-Seller,91.6,71.63,100.0,50.0
PRD3873f52e,PRDe86336bb,Garnier Ultimate Blends Shampoo Bar Ginger Recovery,Garnier Ultimate Blends Coconut Hydrating Shampoo Bar with Aloe Vera for Normal Hair,Garnier,Garnier,Shampoo Bar,60.0,g,60.0,g,5.25,4.0,GBP,GBP,Amazon.co.uk - Amazon.co.uk-Seller,Boots.com,100.0,62.17,100.0,100.0
PRD3d2887a7,PRDc0f51385,Eco Warrior Blue Shampoo Bar,Eco Warrior Men's Edit Shampoo Bar,Eco Warrior,Eco Warrior,Shampoo Bar,,,,,6.5,5.5,GBP,GBP,Justmylook,Amazon.co.uk,94.1,74.12,100.0,50.0
PRD3d2887a7,PRDc39c546e,Eco Warrior Blue Shampoo Bar,Eco Warrior Dry Hair Shampoo Bar,Eco Warrior,Eco Warrior,Shampoo Bar,,,,,6.5,5.5,GBP,GBP,Justmylook,Tesco,97.0,76.97,100.0,50.0
PRD4633f3ef,PRD9f09222c,"Nature Triangle Shampoo Bar, Usman Grass & Nature Seven Green Soap Solid Shampoo, Gentle Hair Cleansing & Strengthening for Women and Men (1)",Nature Triangle Usman Grass Shampoo Bar,Nature Triangle,Nature Triangle,Shampoo Bar,,,,,9.98,9.97,GBP,GBP,Amazon.co.uk - Amazon.co.uk-Seller,Amazon.co.uk - Amazon.co.uk-Seller,92.6,72.63,100.0,50.0
PRD4633f3ef,PRDdb039b35,"Nature Triangle Shampoo Bar, Usman Grass & Nature Seven Green Soap Solid Shampoo, Gentle Hair Cleansing & Strengthening for Women and Men (1)","Nature Triangle Shampoo Bar, Nature Green Triangle Solide Shampoo Soap, Cleansing Nourishing Hair Strengthens Hair, for Women And Men ()",Nature Triangle,Nature Triangle,Shampoo Bar,,,2.0,pcs,9.98,9.99,GBP,GBP,Amazon.co.uk - Amazon.co.uk-Seller,Amazon.co.uk - Amazon.co.uk-Seller,93.3,73.33,100.0,50.0
PRD49a2a30e,PRDb636b1e0,"Solid Shampoo For Curly Hair, 80","Solid Shampoo For Oily Hair, 80",Solid Shampoo,Solid Shampoo,Shampoo Bar,,,,,28.41,28.41,GBP,GBP,eBay - onebioshopcom,eBay - onebioshopcom,100.0,83.65,100.0,50.0
PRD49a2a30e,PRDccde7173,"Solid Shampoo For Curly Hair, 80","Solid Shampoo For Dry Hair, 85",Solid Shampoo,Solid Shampoo,Shampoo Bar,,,,,28.41,26.43,GBP,GBP,eBay - onebioshopcom,eBay - onebioshopcom,94.0,74.0,100.0,50.0
PRD4d74acf3,PRD644540eb,"Nature Triangle Shampoo Bar,Natural Plant-Based Solid Shampoo,Nature Green Soap Shampoo,Cleansing & Nourishing Care for Healthy-Looking Hair ()","Nature Triangle Shampoo Bar, 2025 New Nature Seven Green Shampoo, Natural Plant-Based Solid Shampoobar, Gentle Cleansing & Nourishing Care for",Nature Triangle,Nature Triangle,Shampoo Bar,2.0,pcs,,,8.87,11.99,GBP,GBP,Amazon.co.uk - Amazon.co.uk-Seller,Amazon.co.uk - Amazon.co.uk-Seller,96.0,75.99,100.0,50.0
PRD4d74acf3,PRDdb039b35,"Nature Triangle Shampoo Bar,Natural Plant-Based Solid Shampoo,Nature Green Soap Shampoo,Cleansing & Nourishing Care for Healthy-Looking Hair ()","Nature Triangle Shampoo Bar, Nature Green Triangle Solide Shampoo Soap, Cleansing Nourishing Hair Strengthens Hair, for Women And Men ()",Nature Triangle,Nature Triangle,Shampoo Bar,2.0,pcs,2.0,pcs,8.87,9.99,GBP,GBP,Amazon.co.uk - Amazon.co.uk-Seller,Amazon.co.uk - Amazon.co.uk-Seller,100.0,66.47,100.0,100.0
PRD543307a2,PRDa15a678b,J.R. Liggett's Tea Tree & Hemp Oil Shampoo Bar,J.R. Liggett's Herbal Shampoo Bar,J.R. Liggett's,J.R. Liggett's,Shampoo Bar,,,,,9.0,10.3,GBP,GBP,John And Ginger,BigGreenSmile.com,94.4,74.45,100.0,50.0
PRD5ccc60fe,PRD6b91c54a,New Dawn UK Patchouli Shampoo Bar,New Dawn UK Lavender Shampoo Bar,New Dawn,New Dawn,Shampoo Bar,,,,,6.45,6.45,GBP,GBP,New Dawn Organic Skin and Hair Care,New Dawn Organic Skin and Hair Care,98.8,78.75,100.0,50.0
PRD64e43e15,PRD71523043,"Nature Triangle Shampoo Bar - Natural Usman Grass Glutinous Rice Water Solid Shampoo Bar For Hair Care & Hair Growth, Calming & Strengthens Hairs For","Nature Triangle Shampoo Bar, Natural Cypress Leaf Usman Grass Solid Shampoo Bar, Calming & Strengthens Hair Vegan, for Hair Care for Women and Mens (",Nature Triangle,Nature Triangle,Shampoo Bar,,,,,5.55,5.99,GBP,GBP,Amazon.co.uk - Amazon.co.uk-Seller,Amazon.co.uk - Amazon.co.uk-Seller,91.9,71.86,100.0,50.0
PRD64e43e15,PRD89df39f4,"Nature Triangle Shampoo Bar - Natural Usman Grass Glutinous Rice Water Solid Shampoo Bar For Hair Care & Hair Growth, Calming & Strengthens Hairs For","Nature Triangle Shampoo Bar, Natural Grass Glutinous Rice Water Solid Shampoo Bar for Hair Care & Hair Growth, Calming & Strengthens Hair, Gentle on",Nature Triangle,Nature Triangle,Shampoo Bar,,,,,5.55,5.28,GBP,GBP,Amazon.co.uk - Amazon.co.uk-Seller,Amazon.co.uk - Amazon.co.uk-Seller,100.0,89.37,100.0,50.0
PRD64e43e15,PRD9f09222c,"Nature Triangle Shampoo Bar - Natural Usman Grass Glutinous Rice Water Solid Shampoo Bar For Hair Care & Hair Growth, Calming & Strengthens Hairs For",Nature Triangle Usman Grass Shampoo Bar,Nature Triangle,Nature Triangle,Shampoo Bar,,,,,5.55,9.97,GBP,GBP,Amazon.co.uk - Amazon.co.uk-Seller,Amazon.co.uk - Amazon.co.uk-Seller,93.3,73.33,100.0,50.0
PRD64e43e15,PRDbfb66f63,"Nature Triangle Shampoo Bar - Natural Usman Grass Glutinous Rice Water Solid Shampoo Bar For Hair Care & Hair Growth, Calming & Strengthens Hairs For","Nature Triangle Shampoo Bar, Natural Usman Grass Glutinous Rice Water Solid Shampoo Bar,Thinning Hair-Volume Shampoo Bar for Men and Women,Hair Growth",Nature Triangle,Nature Triangle,Shampoo Bar,,,,,5.55,6.95,GBP,GBP,Amazon.co.uk - Amazon.co.uk-Seller,Amazon.co.uk - Amazon.co.uk-Seller,95.8,75.78,100.0,50.0
PRD6572e1b1,PRDc26d29e5,Friendly Soap - Lavender & Tea Tree Shampoo Bar - Eco Friendly,Soapy Scraps Shampoo Bar - Lavender & Tea Tree | Friendly Soap,Friendly Soap,Friendly Soap,Shampoo Bar,,,,,2.95,10.99,GBP,GBP,Indespoke,Friendly Soap,100.0,85.33,100.0,50.0
PRD6572e1b1,PRDf83acaff,Friendly Soap - Lavender & Tea Tree Shampoo Bar - Eco Friendly,Friendly Soap Shampoo Bar - Lav & Tea Tree,Friendly Soap,Friendly Soap,Shampoo Bar,,,95.0,g,2.95,3.29,GBP,GBP,Indespoke,QuickVit,100.0,83.33,100.0,50.0
PRD6638f667,PRDdcd5232f,PHOGARY Hair Shampoo Bar,Phogary Hair Shampoo Bar,PHOGARY Hair,Phogary Hair,Shampoo Bar,,,,,8.99,8.99,GBP,GBP,Amazon.co.uk - Amazon.co.uk-Seller,Amazon.co.uk - Amazon.co.uk-Seller,100.0,100.0,100.0,50.0
PRD6c1d66f0,PRDc2643e4f,Faith in Nature Lavender & Geranium Shampoo Bar,Faith in Nature Shea & Argan Shampoo Bar,Faith in Nature,Faith in Nature,Shampoo Bar,,,,,7.0,5.25,GBP,GBP,Faith in Nature,Natural Collection,92.1,72.07,100.0,50.0
PRD6c1d66f0,PRDc40d85f0,Faith in Nature Lavender & Geranium Shampoo Bar,Faith In Nature Shampoo Bar Lavender & Geranium 85gm,Faith in Nature,Faith in Nature,Shampoo Bar,,,85.0,g,7.0,46.32,GBP,GBP,Faith in Nature,eBay - gudz_uk,100.0,95.0,100.0,50.0
PRD6c1d66f0,PRDe42b3890,Faith in Nature Lavender & Geranium Shampoo Bar,Faith in Nature - Shampoo Bar Lavender & Geranium,Faith in Nature,Faith in Nature,Shampoo Bar,,,85.0,g,7.0,7.0,GBP,GBP,Faith in Nature,Holland & Barrett,100.0,100.0,100.0,50.0
PRD71523043,PRD9f09222c,"Nature Triangle Shampoo Bar, Natural Cypress Leaf Usman Grass Solid Shampoo Bar, Calming & Strengthens Hair Vegan, for Hair Care for Women and Mens (",Nature Triangle Usman Grass Shampoo Bar,Nature Triangle,Nature Triangle,Shampoo Bar,,,,,5.99,9.97,GBP,GBP,Amazon.co.uk - Amazon.co.uk-Seller,Amazon.co.uk - Amazon.co.uk-Seller,92.6,72.63,100.0,50.0
PRD7a86bc0c,PRDa31876c5,Hair Shampoo Bar Soap Weakly Alkaline Anti Dandruff For Oil,Hair Shampoo Bar Soap Organic Ecofriendly Anti Dandruff For Growth,Hair Shampoo,Hair Shampoo,Shampoo Bar,85.0,g,85.0,g,6.44,6.36,GBP,GBP,eBay - suntekmall,eBay - sitedv88,100.0,69.29,100.0,100.0
PRD89df39f4,PRDbfb66f63,"Nature Triangle Shampoo Bar, Natural Grass Glutinous Rice Water Solid Shampoo Bar for Hair Care & Hair Growth, Calming & Strengthens Hair, Gentle on","Nature Triangle Shampoo Bar, Natural Usman Grass Glutinous Rice Water Solid Shampoo Bar,Thinning Hair-Volume Shampoo Bar for Men and Women,Hair Growth",Nature Triangle,Nature Triangle,Shampoo Bar,,,,,5.28,6.95,GBP,GBP,Amazon.co.uk - Amazon.co.uk-Seller,Amazon.co.uk - Amazon.co.uk-Seller,91.4,71.37,100.0,50.0
PRD9f09222c,PRDbf7d8f07,Nature Triangle Usman Grass Shampoo Bar,"Nature Triangle Shampoo Bar, Usman Grass Shampoo Bar, Nature Seven Green Soap Shampoos Bars, Nourishing Care for Healthy-Looking Hair ()",Nature Triangle,Nature Triangle,Shampoo Bar,,,1.0,pcs,9.97,9.99,GBP,GBP,Amazon.co.uk - Amazon.co.uk-Seller,Amazon.co.uk - Amazon.co.uk-Seller,94.1,74.12,100.0,50.0
PRD9f09222c,PRDbfb66f63,Nature Triangle Usman Grass Shampoo Bar,"Nature Triangle Shampoo Bar, Natural Usman Grass Glutinous Rice Water Solid Shampoo Bar,Thinning Hair-Volume Shampoo Bar for Men and Women,Hair Growth",Nature Triangle,Nature Triangle,Shampoo Bar,,,,,9.97,6.95,GBP,GBP,Amazon.co.uk - Amazon.co.uk-Seller,Amazon.co.uk - Amazon.co.uk-Seller,92.6,72.63,100.0,50.0
PRD9f09222c,PRDdd85df46,Nature Triangle Usman Grass Shampoo Bar,"Nature Triangle Shampoo Bar, Nature Seven Green Soap shampoo, Seven Green Shampoo bar, Usman Grass Shampoo Bar, Polygonum Shampoo Soap, Calming &",Nature Triangle,Nature Triangle,Shampoo Bar,,,,,9.97,6.99,GBP,GBP,Amazon.co.uk - Amazon.co.uk-Seller,Amazon.co.uk - Amazon.co.uk-Seller,100.0,81.82,100.0,50.0
PRDa362366f,PRDc4702342,Kaurilan Sauna Black Currant Shampoo Bar,Kaurilan Sauna Camelina Shampoo Bar,Kaurilan Sauna,Kaurilan Sauna,Shampoo Bar,,,,,14.7,13.38,GBP,GBP,Hels1nk1,Ecco-Verde.co.uk,94.0,74.0,100.0,50.0
PRDb636b1e0,PRDccde7173,"Solid Shampoo For Oily Hair, 80","Solid Shampoo For Dry Hair, 85",Solid Shampoo,Solid Shampoo,Shampoo Bar,,,,,28.41,26.43,GBP,GBP,eBay - onebioshopcom,eBay - onebioshopcom,92.9,72.88,100.0,50.0
PRDbb642fb8,PRDf41382a6,Shampoo Bar – Calendula – Fine Hair - Full Size,Shampoo Bar - Lime & Coconut - All Hair Types - Full Size,Shampoo Bar,Shampoo Bar,Shampoo Bar,60.0,g,60.0,g,7.0,7.0,GBP,GBP,Peace With The Wild,Peace With The Wild,100.0,64.75,100.0,100.0
PRDbf7d8f07,PRDdd85df46,"Nature Triangle Shampoo Bar, Usman Grass Shampoo Bar, Nature Seven Green Soap Shampoos Bars, Nourishing Care for Healthy-Looking Hair ()","Nature Triangle Shampoo Bar, Nature Seven Green Soap shampoo, Seven Green Shampoo bar, Usman Grass Shampoo Bar, Polygonum Shampoo Soap, Calming &",Nature Triangle,Nature Triangle,Shampoo Bar,1.0,pcs,,,9.99,6.99,GBP,GBP,Amazon.co.uk - Amazon.co.uk-Seller,Amazon.co.uk - Amazon.co.uk-Seller,90.6,70.64,100.0,50.0
PRDc2643e4f,PRDe42b3890,Faith in Nature Shea & Argan Shampoo Bar,Faith in Nature - Shampoo Bar Lavender & Geranium,Faith in Nature,Faith in Nature,Shampoo Bar,,,85.0,g,5.25,7.0,GBP,GBP,Natural Collection,Holland & Barrett,92.1,72.07,100.0,50.0
PRDc26d29e5,PRDf83acaff,Soapy Scraps Shampoo Bar - Lavender & Tea Tree | Friendly Soap,Friendly Soap Shampoo Bar - Lav & Tea Tree,Friendly Soap,Friendly Soap,Shampoo Bar,,,95.0,g,10.99,3.29,GBP,GBP,Friendly Soap,QuickVit,100.0,80.67,100.0,50.0
PRDc40d85f0,PRDe42b3890,Faith In Nature Shampoo Bar Lavender & Geranium 85gm,Faith in Nature - Shampoo Bar Lavender & Geranium,Faith in Nature,Faith in Nature,Shampoo Bar,85.0,g,85.0,g,46.32,7.0,GBP,GBP,eBay - gudz_uk,Holland & Barrett,100.0,95.0,100.0,100.0
PRDd8d93ae9,PRDf2daad50,"1-3x Nature Triangle Shampoo Bar, Nature Seven Green Soap Shampoo, Natural Usman Grass Shampoo Bar, Calming & Strengthens Hair for Women and Men","2025 Nature Triangle Shampoo Bar, Nature Seven Green Soap Shampoo, Natural Usman Grass Shampoo Bar, Calming & Strengthens Hair for Women and Men",,,Shampoo Bar,1.0,pcs,1.0,pcs,12.95,6.89,GBP,GBP,fruugo.co.uk,fruugo.co.uk,100.0,92.63,50.0,100.0
PRDda45072e,PRDef469070,"Cacumen Biotae Isatis Indicotica Shampoo Bar, Usman Shampoo Grass Bar","Cacumen Biotae Isatis Indicotica Shampoo Bar, Usman Shampoo Bar Grass",Cacumen Biotae,Cacumen Biotae,Shampoo Bar,,,,,12.28,12.28,GBP,GBP,eBay - fullhouseer,eBay - yusnshushangmao,100.0,100.0,100.0,50.0
